Product Name,Price,Product Csv name
Apple iPhone 16 Pro 256GB ,77999,Apple iPhone 16 Pro
Apple iPhone 15 256GB ,55049,Apple iPhone 15
Apple iPhone 15 512GB ,64999,Apple iPhone 15
Apple iPhone 15 Pro Max 512GB ,94999,Apple iPhone 15 Pro Max
Apple iPhone 15 Pro Max 1000GB ,94999,Apple iPhone 15 Pro Max
Apple iPhone 15 Plus 256GB ,63749,Apple iPhone 15 Plus
Apple iPhone 15 Plus 512GB ,70499,Apple iPhone 15 Plus
Apple iPhone 15 Pro 256GB ,82999,Apple iPhone 15 Pro
Apple iPhone 15 Pro 512GB ,94545,Apple iPhone 15 Pro
Apple iPhone 15 Pro 1000GB ,73999,Apple iPhone 15 Pro
Apple iPhone 16 256GB ,64739,Apple iPhone 16
Apple iPhone 16 512GB ,73999,Apple iPhone 16
Apple iPhone 16 Plus 256GB ,74499,Apple iPhone 16 Plus
Apple iPhone 16 Plus 512GB ,82883,Apple iPhone 16 Plus
Apple iPhone 16 Pro Max 1000GB ,94999,Apple iPhone 16 Pro Max
Apple iPhone 16 Pro Max 512GB ,94999,Apple iPhone 16 Pro Max
Apple iPhone 16 Plus 512GB ,82883,Apple iPhone 16 Plus
Apple iPhone 16 Plus 256GB ,74499,Apple iPhone 16 Plus
Apple iPhone 16 512GB ,73999,Apple iPhone 16
Apple iPhone 16 256GB ,64739,Apple iPhone 16
Apple iPhone 15 Pro 1000GB ,73999,Apple iPhone 15 Pro
Apple iPhone 15 Pro 512GB ,94545,Apple iPhone 15 Pro
Apple iPhone 15 Pro 256GB ,82999,Apple iPhone 15 Pro
Apple iPhone 15 Pro 1000GB ,73999,Apple iPhone 15 Pro
Apple iPhone 15 Pro 512GB ,94545,Apple iPhone 15 Pro
Apple iPhone 15 Pro 256GB ,82999,Apple iPhone 15 Pro
Apple iPhone 15 Plus 512GB ,70499,Apple iPhone 15 Plus
Apple iPhone 15 Plus 256GB ,63749,Apple iPhone 15 Plus
Apple iPhone 15 Plus 512GB ,70499,Apple iPhone 15 Plus
Apple iPhone 15 Plus 256GB ,63749,Apple iPhone 15 Plus
Apple iPhone 16 Pro 512GB ,89999,Apple iPhone 16 Pro
Apple iPhone 15 Pro Max 1000GB ,94999,Apple iPhone 15 Pro Max
Apple iPhone 15 Pro Max 1000GB ,94999,Apple iPhone 15 Pro Max
Apple iPhone 15 Pro Max 512GB ,94999,Apple iPhone 15 Pro Max
Apple iPhone 15 512GB ,64999,Apple iPhone 15
Apple iPhone 15 256GB ,55049,Apple iPhone 15
Apple iPhone 15 512GB ,64999,Apple iPhone 15
Apple iPhone 15 256GB ,55049,Apple iPhone 15
Apple iPhone 16 Pro 256GB ,77999,Apple iPhone 16 Pro
Apple iPhone 16 Pro 512GB ,89999,Apple iPhone 16 Pro
Apple iPhone 16 Pro 1000GB ,73999,Apple iPhone 16 Pro
Apple iPhone 15 Pro Max 512GB ,94999,Apple iPhone 15 Pro Max
Apple iPhone 16 Pro 256GB ,77999,Apple iPhone 16 Pro
Apple iPhone 15 256GB ,55049,Apple iPhone 15
Apple iPhone 15 512GB ,64999,Apple iPhone 15
Apple iPhone 15 Pro Max 512GB ,94999,Apple iPhone 15 Pro Max
Apple iPhone 15 Pro Max 1000GB ,94999,Apple iPhone 15 Pro Max
Apple iPhone 15 Plus 256GB ,63749,Apple iPhone 15 Plus
Apple iPhone 15 Plus 512GB ,70499,Apple iPhone 15 Plus
Apple iPhone 15 Pro 256GB ,82999,Apple iPhone 15 Pro
Apple iPhone 15 Pro 512GB ,94545,Apple iPhone 15 Pro
Apple iPhone 15 Pro 1000GB ,73999,Apple iPhone 15 Pro
Apple iPhone 16 256GB ,64513,Apple iPhone 16
Apple iPhone 16 512GB ,73999,Apple iPhone 16
Apple iPhone 16 Plus 256GB ,74499,Apple iPhone 16 Plus
Apple iPhone 16 Plus 512GB ,82883,Apple iPhone 16 Plus
Apple iPhone 16 Pro 512GB ,89999,Apple iPhone 16 Pro
Apple iPhone 16 Pro 1000GB ,73999,Apple iPhone 16 Pro
Apple iPhone 16 Pro Max 512GB ,94999,Apple iPhone 16 Pro Max
Huawei P60 Pro 512GB ,38898,Huawei P60 Pro
Huawei nova 11 Pro 512GB ,29110,Huawei nova 11 Pro
Huawei Pura 70 Pro 512GB ,40999,Huawei Pura 70 Pro
Huawei nova 12i 256GB ,10899,Huawei nova 12i
Huawei P60 Pro 512GB ,38898,Huawei P60 Pro
Huawei Pura 70 Pro 512GB ,40999,Huawei Pura 70 Pro
Huawei Pura 70 512GB ,40999,Huawei Pura 70
Huawei nova 11 256GB ,17250,Huawei nova 11
Huawei Pura 70 Ultra 1000GB ,60999,Huawei Pura 70 Ultra
Huawei Pura 70 Pro 1000GB ,40999,Huawei Pura 70 Pro
Huawei Pura 70 Pro 512GB ,40999,Huawei Pura 70 Pro
Huawei Pura 70 Ultra 1000GB ,60999,Huawei Pura 70 Ultra
Huawei nova 11 256GB ,17250,Huawei nova 11
Oppo Reno10 256GB ,12936,Oppo Reno10
Oppo Reno11 256GB ,14349,Oppo Reno11
Oppo Reno10 256GB ,12936,Oppo Reno10
Oppo Reno11 256GB ,14349,Oppo Reno11
Oppo Reno10 256GB ,12936,Oppo Reno10
Realme C51 128GB ,6860,Realme C51
Realme C61 256GB ,6977,Realme C61
Realme 12 Pro 256GB ,15979,Realme 12 Pro
Realme 12 Pro+ 256GB ,15979,Realme 12 Pro+
Realme C65 128GB ,6495,Realme C65
Realme 12+ 256GB ,10999,Realme 12+
Realme C55 256GB ,9374,Realme C55
Realme C61 256GB ,6977,Realme C61
Realme 11 Pro 256GB ,14602,Realme 11 Pro
Realme 12 Pro 256GB ,15979,Realme 12 Pro
Realme 12 Pro+ 256GB ,15979,Realme 12 Pro+
Realme C53 256GB ,7519,Realme C53
Realme C53 256GB ,7519,Realme C53
Realme 11 Pro+ 256GB ,14602,Realme 11 Pro+
Realme 11 Pro 256GB ,14602,Realme 11 Pro
Realme 11 256GB ,10299,Realme 11
Realme C53 256GB ,7519,Realme C53
Realme C55 256GB ,9374,Realme C55
Realme C53 256GB ,7519,Realme C53
Realme 11 Pro 256GB ,14602,Realme 11 Pro
Realme 12 Pro+ 256GB ,15979,Realme 12 Pro+
Realme C65 128GB ,6495,Realme C65
Realme 12+ 256GB ,10999,Realme 12+
Samsung Galaxy A05 128GB ,7200,Samsung Galaxy A05
Samsung Galaxy A05 128GB ,7200,Samsung Galaxy A05
Samsung Galaxy A05s 128GB ,7840,Samsung Galaxy A05s
Samsung Galaxy Tab S9 FE 256GB ,12399,Samsung Galaxy Tab S9 FE
Samsung Galaxy S23 FE 256GB ,23999,Samsung Galaxy S23 FE
Samsung Galaxy S23 FE 256GB ,23999,Samsung Galaxy S23 FE
Samsung Galaxy S23 FE 256GB ,23999,Samsung Galaxy S23 FE
Samsung Galaxy Z Flip5 512GB ,38710,Samsung Galaxy Z Flip5
Samsung Galaxy A15 128GB ,10199,Samsung Galaxy A15
Samsung Galaxy A15 128GB ,10199,Samsung Galaxy A15
Samsung Galaxy S24 Ultra 512GB ,61949,Samsung Galaxy S24 Ultra
Samsung Galaxy S24 Ultra 1000GB ,61949,Samsung Galaxy S24 Ultra
Samsung Galaxy S24+ 512GB ,61949,Samsung Galaxy S24+
Samsung Galaxy A35 128GB ,13999,Samsung Galaxy A35
Samsung Galaxy A35 256GB ,14945,Samsung Galaxy A35
Samsung Galaxy A55 256GB ,18499,Samsung Galaxy A55
Samsung Galaxy A55 256GB ,18499,Samsung Galaxy A55
Samsung Galaxy S24 256GB ,36382,Samsung Galaxy S24
Samsung Galaxy Z Flip5 512GB ,38710,Samsung Galaxy Z Flip5
Samsung Galaxy S24 512GB ,61949,Samsung Galaxy S24
Samsung Galaxy Z Flip6 512GB ,47165,Samsung Galaxy Z Flip6
Samsung Galaxy Z Fold6 512GB ,69999,Samsung Galaxy Z Fold6
Samsung Galaxy S24 FE 256GB ,25149,Samsung Galaxy S24 FE
Samsung Galaxy S24 FE 512GB ,61949,Samsung Galaxy S24 FE
Samsung Galaxy A25 256GB ,13699,Samsung Galaxy A25
Samsung Galaxy A15 5G 128GB ,10199,Samsung Galaxy A15 5G
Samsung Galaxy A14 128GB ,9652,Samsung Galaxy A14
Samsung Galaxy A14 128GB ,9652,Samsung Galaxy A14
Samsung Galaxy S23 256GB ,34074,Samsung Galaxy S23
Samsung Galaxy S23 512GB ,46299,Samsung Galaxy S23
Samsung Galaxy S23+ 512GB ,46299,Samsung Galaxy S23+
Samsung Galaxy M15 128GB ,10505,Samsung Galaxy M15
Samsung Galaxy A34 128GB ,17226,Samsung Galaxy A34
Samsung Galaxy S23 Ultra 256GB ,43930,Samsung Galaxy S23 Ultra
Samsung Galaxy S23 Ultra 512GB ,46299,Samsung Galaxy S23 Ultra
Samsung Galaxy S23 Ultra 1000GB ,46299,Samsung Galaxy S23 Ultra
Samsung Galaxy A54 128GB ,16589,Samsung Galaxy A54
Samsung Galaxy A54 256GB ,19576,Samsung Galaxy A54
Samsung Galaxy Z Fold5 512GB ,57785,Samsung Galaxy Z Fold5
Samsung Galaxy Z Flip5 512GB ,38710,Samsung Galaxy Z Flip5
Samsung Galaxy A05 128GB ,7200,Samsung Galaxy A05
Samsung Galaxy A05s 128GB ,7840,Samsung Galaxy A05s
Samsung Galaxy A05s 128GB ,7840,Samsung Galaxy A05s
Samsung Galaxy S23 FE 256GB ,23999,Samsung Galaxy S23 FE
Samsung Galaxy A34 256GB ,18315,Samsung Galaxy A34
Samsung Galaxy Z Flip5 512GB ,38710,Samsung Galaxy Z Flip5
Samsung Galaxy Z Fold5 512GB ,57785,Samsung Galaxy Z Fold5
Samsung Galaxy Z Flip6 512GB ,47165,Samsung Galaxy Z Flip6
Samsung Galaxy Z Flip5 512GB ,38710,Samsung Galaxy Z Flip5
Samsung Galaxy A05s 128GB ,7840,Samsung Galaxy A05s
Samsung Galaxy A05s 128GB ,7840,Samsung Galaxy A05s
Samsung Galaxy Tab S9 FE+ 256GB ,12399,Samsung Galaxy Tab S9 FE+
Samsung Galaxy S23 FE 256GB ,23999,Samsung Galaxy S23 FE
Samsung Galaxy Z Fold5 512GB ,57785,Samsung Galaxy Z Fold5
Samsung Galaxy A54 128GB ,16589,Samsung Galaxy A54
Samsung Galaxy M15 128GB ,10505,Samsung Galaxy M15
Samsung Galaxy Z Fold6 512GB ,69999,Samsung Galaxy Z Fold6
Samsung Galaxy S24 FE 256GB ,25149,Samsung Galaxy S24 FE
Samsung Galaxy S24 FE 512GB ,61949,Samsung Galaxy S24 FE
Samsung Galaxy A25 256GB ,13699,Samsung Galaxy A25
Samsung Galaxy A15 5G 128GB ,10199,Samsung Galaxy A15 5G
Samsung Galaxy A14 128GB ,9652,Samsung Galaxy A14
Samsung Galaxy A14 128GB ,9652,Samsung Galaxy A14
Samsung Galaxy S23 256GB ,34074,Samsung Galaxy S23
Samsung Galaxy S23 512GB ,46299,Samsung Galaxy S23
Samsung Galaxy S23+ 512GB ,46299,Samsung Galaxy S23+
Samsung Galaxy A34 256GB ,18315,Samsung Galaxy A34
Samsung Galaxy S23 Ultra 512GB ,46299,Samsung Galaxy S23 Ultra
Samsung Galaxy S23 Ultra 1000GB ,46299,Samsung Galaxy S23 Ultra
Samsung Galaxy A54 256GB ,19576,Samsung Galaxy A54
Samsung Galaxy S24 512GB ,61949,Samsung Galaxy S24
Samsung Galaxy S24 256GB ,36382,Samsung Galaxy S24
Samsung Galaxy A55 256GB ,18499,Samsung Galaxy A55
Samsung Galaxy A55 256GB ,18499,Samsung Galaxy A55
Samsung Galaxy A35 256GB ,14945,Samsung Galaxy A35
Samsung Galaxy A35 128GB ,13999,Samsung Galaxy A35
Samsung Galaxy S24+ 512GB ,61949,Samsung Galaxy S24+
Samsung Galaxy S24 Ultra 1000GB ,61949,Samsung Galaxy S24 Ultra
Samsung Galaxy S24 Ultra 512GB ,61949,Samsung Galaxy S24 Ultra
Samsung Galaxy A15 256GB ,11154,Samsung Galaxy A15
Samsung Galaxy A15 128GB ,10199,Samsung Galaxy A15
Samsung Galaxy A15 128GB ,10199,Samsung Galaxy A15
Samsung Galaxy A15 128GB ,10199,Samsung Galaxy A15
Samsung Galaxy S24 Ultra 512GB ,61949,Samsung Galaxy S24 Ultra
Samsung Galaxy A14 128GB ,9652,Samsung Galaxy A14
Samsung Galaxy S23 256GB ,34074,Samsung Galaxy S23
Samsung Galaxy S23 512GB ,46299,Samsung Galaxy S23
Samsung Galaxy S23 256GB ,34074,Samsung Galaxy S23
Samsung Galaxy S23 256GB ,34074,Samsung Galaxy S23
Samsung Galaxy S23 512GB ,46299,Samsung Galaxy S23
Samsung Galaxy S23+ 512GB ,46299,Samsung Galaxy S23+
Samsung Galaxy S23+ 512GB ,46299,Samsung Galaxy S23+
Samsung Galaxy S23+ 512GB ,46299,Samsung Galaxy S23+
Samsung Galaxy A34 128GB ,17226,Samsung Galaxy A34
Samsung Galaxy S23 Ultra 256GB ,43930,Samsung Galaxy S23 Ultra
Samsung Galaxy S23 Ultra 512GB ,46299,Samsung Galaxy S23 Ultra
Samsung Galaxy S23 Ultra 1000GB ,46299,Samsung Galaxy S23 Ultra
Samsung Galaxy S23 Ultra 256GB ,43930,Samsung Galaxy S23 Ultra
Samsung Galaxy A54 128GB ,16589,Samsung Galaxy A54
Samsung Galaxy A15 5G 256GB ,11154,Samsung Galaxy A15 5G
Samsung Galaxy A54 256GB ,19576,Samsung Galaxy A54
Samsung Galaxy A15 5G 128GB ,10199,Samsung Galaxy A15 5G
Samsung Galaxy A25 256GB ,13699,Samsung Galaxy A25
Samsung Galaxy A15 128GB ,10199,Samsung Galaxy A15
Samsung Galaxy A55 256GB ,18499,Samsung Galaxy A55
Samsung Galaxy A55 256GB ,18499,Samsung Galaxy A55
Samsung Galaxy S24 256GB ,36382,Samsung Galaxy S24
Samsung Galaxy S24 256GB ,36382,Samsung Galaxy S24
Samsung Galaxy S24 512GB ,61949,Samsung Galaxy S24
Samsung Galaxy S24 256GB ,36382,Samsung Galaxy S24
Samsung Galaxy Z Flip6 512GB ,47165,Samsung Galaxy Z Flip6
Samsung Galaxy Z Flip6 512GB ,47165,Samsung Galaxy Z Flip6
Samsung Galaxy Z Fold6 512GB ,69999,Samsung Galaxy Z Fold6
Samsung Galaxy Z Fold6 512GB ,69999,Samsung Galaxy Z Fold6
Samsung Galaxy A06 128GB ,6099,Samsung Galaxy A06
Samsung Galaxy S24 FE 256GB ,25149,Samsung Galaxy S24 FE
Samsung Galaxy S24 FE 512GB ,61949,Samsung Galaxy S24 FE
Samsung Galaxy S24 FE 256GB ,25149,Samsung Galaxy S24 FE
Samsung Galaxy S24 FE 512GB ,61949,Samsung Galaxy S24 FE
Samsung Galaxy A25 256GB ,13699,Samsung Galaxy A25
Samsung Galaxy A15 5G 128GB ,10199,Samsung Galaxy A15 5G
Samsung Galaxy A24 4G 128GB ,12270,Samsung Galaxy A24 4G
Samsung Galaxy S24 512GB ,61949,Samsung Galaxy S24
Samsung Galaxy A35 128GB ,13999,Samsung Galaxy A35
Samsung Galaxy Z Fold5 512GB ,57785,Samsung Galaxy Z Fold5
Samsung Galaxy Z Fold5 512GB ,57785,Samsung Galaxy Z Fold5
Samsung Galaxy A35 128GB ,13999,Samsung Galaxy A35
Samsung Galaxy A35 256GB ,14945,Samsung Galaxy A35
Samsung Galaxy S24+ 512GB ,61949,Samsung Galaxy S24+
Samsung Galaxy S24+ 512GB ,61949,Samsung Galaxy S24+
Samsung Galaxy S24 Ultra 512GB ,61949,Samsung Galaxy S24 Ultra
Samsung Galaxy S24 Ultra 1000GB ,61949,Samsung Galaxy S24 Ultra
Samsung Galaxy S24 Ultra 512GB ,61949,Samsung Galaxy S24 Ultra
Samsung Galaxy S24 Ultra 1000GB ,61949,Samsung Galaxy S24 Ultra
Tecno Spark 10 Pro 256GB ,7634,Tecno Spark 10 Pro
Tecno Pova 6 Pro 256GB ,20999,Tecno Pova 6 Pro
vivo V30 256GB ,23899,vivo V30
vivo V29 256GB ,19899,vivo V29
vivo V40 512GB ,26899,vivo V40
vivo X100 512GB ,56639,vivo X100
vivo X100 256GB ,56639,vivo X100
vivo X100 Pro 256GB ,56639,vivo X100 Pro
vivo X100 Pro 256GB ,56639,vivo X100 Pro
Xiaomi Poco F5 Pro 256GB ,20499,Xiaomi Poco F5 Pro
Xiaomi Mix Flip 512GB ,49849,Xiaomi Mix Flip
Xiaomi Redmi 13 256GB ,8299,Xiaomi Redmi 13
Xiaomi Redmi A3 128GB ,6177,Xiaomi Redmi A3
Xiaomi 14 256GB ,10908,Xiaomi 14
Xiaomi Redmi 12 128GB ,7399,Xiaomi Redmi 12
Xiaomi 13 Ultra 512GB ,44964,Xiaomi 13 Ultra
Xiaomi 13T Pro 512GB ,24999,Xiaomi 13T Pro
Xiaomi Redmi 13C 128GB ,7939,Xiaomi Redmi 13C
Xiaomi Poco X6 Pro 512GB ,20628,Xiaomi Poco X6 Pro
Xiaomi Poco X6 Pro 256GB ,20499,Xiaomi Poco X6 Pro
Xiaomi Redmi Note 13 256GB ,10764,Xiaomi Redmi Note 13
Xiaomi Redmi Note 13 256GB ,10764,Xiaomi Redmi Note 13
Xiaomi Poco X6 512GB ,16552,Xiaomi Poco X6
Xiaomi Poco X6 256GB ,17640,Xiaomi Poco X6
Xiaomi Redmi Note 13 4G 128GB ,8531,Xiaomi Redmi Note 13 4G
Xiaomi Redmi Note 13 Pro+ 256GB ,10789,Xiaomi Redmi Note 13 Pro+
Xiaomi Redmi Note 13 Pro 256GB ,10789,Xiaomi Redmi Note 13 Pro
Xiaomi Redmi Note 13 Pro 256GB ,10789,Xiaomi Redmi Note 13 Pro
Xiaomi Poco M6 Pro 512GB ,20628,Xiaomi Poco M6 Pro
Xiaomi Redmi 13C 5G 128GB ,7939,Xiaomi Redmi 13C 5G
Xiaomi Redmi Note 12 4G 128GB ,8531,Xiaomi Redmi Note 12 4G
Xiaomi Redmi Note 12 4G 128GB ,8531,Xiaomi Redmi Note 12 4G
Xiaomi Redmi Note 12 4G 128GB ,8531,Xiaomi Redmi Note 12 4G
Xiaomi Poco X5 Pro 256GB ,20499,Xiaomi Poco X5 Pro
Xiaomi Redmi Note 12S 128GB ,9048,Xiaomi Redmi Note 12S
Xiaomi Poco F6 Pro 512GB ,20628,Xiaomi Poco F6 Pro
Xiaomi Redmi Note 12S 128GB ,9048,Xiaomi Redmi Note 12S
Xiaomi Poco X5 Pro 256GB ,20499,Xiaomi Poco X5 Pro
Xiaomi 13 Lite 256GB ,21559,Xiaomi 13 Lite
Xiaomi Redmi Note 12 4G 128GB ,8531,Xiaomi Redmi Note 12 4G
Xiaomi Redmi Note 12 4G 128GB ,8531,Xiaomi Redmi Note 12 4G
Xiaomi 14 512GB ,64899,Xiaomi 14
Xiaomi 14 Ultra 512GB ,64899,Xiaomi 14 Ultra
Xiaomi Redmi 13 256GB ,8299,Xiaomi Redmi 13
Xiaomi Redmi 13C 256GB ,8054,Xiaomi Redmi 13C
Xiaomi Redmi 13C 128GB ,7939,Xiaomi Redmi 13C
Xiaomi Poco M6 Pro 512GB ,20628,Xiaomi Poco M6 Pro
Xiaomi Poco X6 Pro 512GB ,20628,Xiaomi Poco X6 Pro
Xiaomi Poco X6 Pro 256GB ,20499,Xiaomi Poco X6 Pro
Xiaomi Redmi Note 13 256GB ,10764,Xiaomi Redmi Note 13
Xiaomi Redmi Note 13 256GB ,10764,Xiaomi Redmi Note 13
Xiaomi Poco X6 512GB ,16552,Xiaomi Poco X6
Xiaomi Poco X6 256GB ,17640,Xiaomi Poco X6
Xiaomi Redmi Note 13 Pro+ 512GB ,14996,Xiaomi Redmi Note 13 Pro+
Xiaomi Redmi Note 13 Pro+ 512GB ,14996,Xiaomi Redmi Note 13 Pro+
Xiaomi Redmi Note 13 Pro 512GB ,14996,Xiaomi Redmi Note 13 Pro
Xiaomi 13T 256GB ,21626,Xiaomi 13T
Xiaomi 13T Pro 512GB ,24999,Xiaomi 13T Pro
Xiaomi Redmi 12 128GB ,7399,Xiaomi Redmi 12
Xiaomi Poco F5 Pro 256GB ,20499,Xiaomi Poco F5 Pro
Xiaomi Redmi 14C 128GB ,6588,Xiaomi Redmi 14C
Xiaomi 14T Pro 512GB ,30300,Xiaomi 14T Pro
Xiaomi 14T 512GB ,24498,Xiaomi 14T
Xiaomi Redmi Note 13 4G 256GB ,10908,Xiaomi Redmi Note 13 4G
Xiaomi Redmi 13C 256GB ,8054,Xiaomi Redmi 13C
Xiaomi Redmi 13C 128GB ,7939,Xiaomi Redmi 13C
Xiaomi Poco M6 Pro 512GB ,20628,Xiaomi Poco M6 Pro
Xiaomi Poco X6 Pro 512GB ,20628,Xiaomi Poco X6 Pro
Xiaomi Poco X6 Pro 256GB ,20499,Xiaomi Poco X6 Pro
Xiaomi Redmi Note 13 256GB ,10764,Xiaomi Redmi Note 13
Xiaomi Redmi Note 13 256GB ,10764,Xiaomi Redmi Note 13
Xiaomi Poco X6 512GB ,16552,Xiaomi Poco X6
Xiaomi Poco X6 256GB ,17640,Xiaomi Poco X6
Xiaomi Redmi Note 13 4G 256GB ,10908,Xiaomi Redmi Note 13 4G
Xiaomi Redmi Note 13 4G 128GB ,8531,Xiaomi Redmi Note 13 4G
Xiaomi Redmi Note 13 Pro+ 512GB ,14996,Xiaomi Redmi Note 13 Pro+
Xiaomi Redmi Note 13 Pro 512GB ,14996,Xiaomi Redmi Note 13 Pro
Xiaomi 13T 256GB ,21626,Xiaomi 13T
Xiaomi Redmi Note 12S 128GB ,9048,Xiaomi Redmi Note 12S
Xiaomi Poco X5 Pro 256GB ,20499,Xiaomi Poco X5 Pro
Xiaomi 13 Lite 256GB ,21559,Xiaomi 13 Lite
Xiaomi Redmi Note 12 4G 128GB ,8531,Xiaomi Redmi Note 12 4G
Xiaomi Redmi Note 12 4G 128GB ,8531,Xiaomi Redmi Note 12 4G
Xiaomi Redmi 13C 5G 128GB ,7939,Xiaomi Redmi 13C 5G
Xiaomi 13T Pro 1000GB ,24999,Xiaomi 13T Pro
Xiaomi 13T Pro 512GB ,24999,Xiaomi 13T Pro
Xiaomi 13 Ultra 512GB ,44964,Xiaomi 13 Ultra
Xiaomi 13 Ultra 512GB ,44964,Xiaomi 13 Ultra
Xiaomi Redmi 12 256GB ,7060,Xiaomi Redmi 12
Xiaomi Redmi 12 128GB ,7399,Xiaomi Redmi 12
Xiaomi Poco F5 Pro 512GB ,20628,Xiaomi Poco F5 Pro
Xiaomi Poco F5 Pro 256GB ,20499,Xiaomi Poco F5 Pro
Xiaomi Redmi A3 128GB ,6177,Xiaomi Redmi A3
Xiaomi Redmi A3 128GB ,6177,Xiaomi Redmi A3
Xiaomi 14 Ultra 512GB ,64899,Xiaomi 14 Ultra
Xiaomi 14 512GB ,64899,Xiaomi 14
Xiaomi Poco F6 Pro 512GB ,20628,Xiaomi Poco F6 Pro
Xiaomi Redmi 13 256GB ,8299,Xiaomi Redmi 13
Xiaomi Redmi Note 12S 256GB ,9048,Xiaomi Redmi Note 12S
Xiaomi Poco F6 Pro 512GB ,20628,Xiaomi Poco F6 Pro
Xiaomi 14 512GB ,64899,Xiaomi 14
Xiaomi 14 Ultra 512GB ,64899,Xiaomi 14 Ultra
Xiaomi Redmi A3 128GB ,6177,Xiaomi Redmi A3
Xiaomi Redmi A3 128GB ,6177,Xiaomi Redmi A3
Xiaomi Redmi 13 256GB ,8299,Xiaomi Redmi 13
Xiaomi 14T 512GB ,24498,Xiaomi 14T
Xiaomi Redmi Note 12S 128GB ,9048,Xiaomi Redmi Note 12S
Xiaomi Redmi 13C 5G 128GB ,7939,Xiaomi Redmi 13C 5G
Xiaomi Poco X5 Pro 256GB ,20499,Xiaomi Poco X5 Pro
Xiaomi 13 Lite 256GB ,21559,Xiaomi 13 Lite
Xiaomi 14T Pro 512GB ,30300,Xiaomi 14T Pro
Xiaomi Redmi Note 12 4G 256GB ,10908,Xiaomi Redmi Note 12 4G
Xiaomi Redmi Note 12 4G 128GB ,8531,Xiaomi Redmi Note 12 4G
Xiaomi Redmi Note 12 4G 128GB ,8531,Xiaomi Redmi Note 12 4G
Xiaomi Redmi Note 12 4G 128GB ,8531,Xiaomi Redmi Note 12 4G
Xiaomi Redmi 14C 128GB ,6588,Xiaomi Redmi 14C
Xiaomi Redmi 14C 128GB ,6588,Xiaomi Redmi 14C
Xiaomi Poco X6 512GB ,16552,Xiaomi Poco X6
Xiaomi Redmi Note 13 Pro+ 512GB ,14996,Xiaomi Redmi Note 13 Pro+
Xiaomi Redmi Note 13 4G 128GB ,8531,Xiaomi Redmi Note 13 4G
Xiaomi Redmi Note 13 4G 256GB ,10908,Xiaomi Redmi Note 13 4G
Xiaomi Poco X6 256GB ,17640,Xiaomi Poco X6
Xiaomi 13T Pro 1000GB ,24999,Xiaomi 13T Pro
Xiaomi Redmi Note 13 256GB ,10764,Xiaomi Redmi Note 13
Xiaomi Poco X6 Pro 512GB ,20628,Xiaomi Poco X6 Pro
Xiaomi Poco M6 Pro 512GB ,20628,Xiaomi Poco M6 Pro
Xiaomi Redmi 13C 128GB ,7939,Xiaomi Redmi 13C
Xiaomi Redmi 13C 256GB ,8054,Xiaomi Redmi 13C
Xiaomi Redmi Note 13 Pro+ 512GB ,14996,Xiaomi Redmi Note 13 Pro+
Xiaomi 13T Pro 512GB ,24999,Xiaomi 13T Pro
Xiaomi Redmi 12 256GB ,7060,Xiaomi Redmi 12
Xiaomi Redmi 12 128GB ,7399,Xiaomi Redmi 12
Xiaomi Poco F5 Pro 512GB ,20628,Xiaomi Poco F5 Pro
Xiaomi Poco F5 Pro 256GB ,20499,Xiaomi Poco F5 Pro
Xiaomi Redmi 12 5G 128GB ,12500,Xiaomi Redmi 12 5G
Xiaomi Redmi Note 13 Pro 512GB ,14996,Xiaomi Redmi Note 13 Pro
