Ekran Boyutu,Ekran Teknolojisi,Piksel YoÄŸunluÄŸu,Batarya Kapasitesi,Kamera Ã‡Ã¶zÃ¼nÃ¼rlÃ¼ÄŸÃ¼,CPU Ãœretim Teknolojisi,Ä°ÅŸletim Sistemi,RAM Kapasitesi,Dahili HafÄ±za,HÄ±zlÄ± Åarj DesteÄŸi,Ekran Yenileme HÄ±zÄ±,Model,ProductName
6.73 Ä°nÃ§,AMOLED,522 PPI,5410 mAh,50 MP,3 nm,Android,16 GB,512 GB,Var,120 Hz,Xiaomi 15 Ultra,Samsung Galaxy S24 Ultra
6.82 Ä°nÃ§,AMOLED,510 PPI,6000 mAh,50 MP,3 nm,Android,16 GB,512 GB,Var,120 Hz,OnePlus 13,Xiaomi 15 Ultra Cep Telefonu
6.8 Ä°nÃ§,OLED,453 PPI,5850 mAh,50 MP,3 nm,Android,12 GB,512 GB,Var,120 Hz,Honor Magic7 Pro,Honor Magic7 Pro (PTP-N49) Cep Telefonu
6.78 Ä°nÃ§,AMOLED,452 PPI,6000 mAh,50 MP,3 nm,Android,16 GB,512 GB,Var,120 Hz,Vivo X200 Pro,Vivo X200 Pro Cep Telefonu
6.9 Ä°nÃ§,OLED,460 PPI,4685 mAh,48 MP,3 nm,iOS,8 GB,1 TB,Var,120 Hz,Apple iPhone 16 Pro Max,Xiaomi 15 512 GB Cep Telefonu
6.36 Ä°nÃ§,AMOLED,460 PPI,5240 mAh,50 MP,3 nm,Android,12 GB,512 GB,Var,120 Hz,Xiaomi 15,Samsung Galaxy S25 Ultra 1 TB Cep Telefonu
6.9 Ä°nÃ§,Dynamic AMOLED,498 PPI,5000 mAh,200 MP,3 nm,Android,12 GB,1 TB,Var,120 Hz,Samsung Galaxy S25 Ultra,Apple iPhone 16 Pro Max 512 GB Cep Telefonu
6.36 Ä°nÃ§,AMOLED,460 PPI,5240 mAh,50 MP,3 nm,Android,12 GB,256 GB,Var,120 Hz,Xiaomi 15,Apple iPhone 16 Pro 1 TB Cep Telefonu
6.9 Ä°nÃ§,OLED,460 PPI,4685 mAh,48 MP,3 nm,iOS,8 GB,512 GB,Var,120 Hz,Apple iPhone 16 Pro Max,Apple iPhone 16 Pro Max 256 GB Cep Telefonu
6.3 Ä°nÃ§,OLED,460 PPI,3582 mAh,48 MP,3 nm,iOS,8 GB,1 TB,Var,120 Hz,Apple iPhone 16 Pro,Xiaomi 14 Ultra Cep Telefonu
6.9 Ä°nÃ§,Dynamic AMOLED,498 PPI,5000 mAh,200 MP,3 nm,,12 GB,512 GB,Var,120 Hz,Samsung Galaxy S25 Ultra,Samsung Galaxy S25 Ultra (SM-S938B) Cep Telefonu
6.9 Ä°nÃ§,OLED,460 PPI,4685 mAh,48 MP,3 nm,iOS,8 GB,256 GB,Var,120 Hz,Apple iPhone 16 Pro Max,Nubia Red Magic 10 Pro 24 GB / 1 TB Cep Telefonu
6.67 Ä°nÃ§,AMOLED,526 PPI,5300 mAh,50 MP,3 nm,Android,16 GB,512 GB,Var,120 Hz,Poco F7 Ultra,Apple iPhone 16 Pro 512 GB Cep Telefonu
6.73 Ä°nÃ§,AMOLED,522 PPI,5000 mAh,50 MP,4 nm,Android,16 GB,512 GB,Var,120 Hz,Xiaomi 14 Ultra,Samsung Galaxy S25+ 512 GB Cep Telefonu
6.9 Ä°nÃ§,Dynamic AMOLED,498 PPI,5000 mAh,200 MP,3 nm,Android,12 GB,256 GB,Var,120 Hz,Samsung Galaxy S25 Ultra,Apple iPhone 15 Pro Max 1 TB Cep Telefonu
6.85 Ä°nÃ§,AMOLED,431 PPI,7050 mAh,50 MP,3 nm,Android,24 GB,1 TB,Var,144 Hz,Nubia Red Magic 10 Pro,Apple iPhone 16 Pro 256 GB Cep Telefonu
6.3 Ä°nÃ§,OLED,460 PPI,3582 mAh,48 MP,3 nm,iOS,8 GB,512 GB,Var,120 Hz,Apple iPhone 16 Pro,Samsung Galaxy S25+ 256 GB (SM-S936B) Cep Telefonu
6.7 Ä°nÃ§,Dynamic AMOLED,513 PPI,4900 mAh,50 MP,3 nm,Android,12 GB,512 GB,Var,120 Hz,Samsung Galaxy S25+,Honor Magic6 Pro (BVL-N49) Cep Telefonu
6.7 Ä°nÃ§,OLED,460 PPI,4441 mAh,48 MP,3 nm,iOS,8 GB,1 TB,Var,120 Hz,Apple iPhone 15 Pro Max,Samsung Galaxy S24 Ultra 1 TB (SM-S928B) Cep Telefonu
6.82 Ä°nÃ§,AMOLED,510 PPI,5400 mAh,50 MP,4 nm,Android,16 GB,512 GB,Var,120 Hz,OnePlus 12,realme GT7 Pro (RMX5011) Cep Telefonu
6.3 Ä°nÃ§,OLED,460 PPI,3582 mAh,48 MP,3 nm,iOS,8 GB,256 GB,Var,120 Hz,Apple iPhone 16 Pro,Honor Magic V3 (FCP-N49) Cep Telefonu
6.7 Ä°nÃ§,Dynamic AMOLED,513 PPI,4900 mAh,50 MP,3 nm,Android,12 GB,256 GB,Var,120 Hz,Samsung Galaxy S25+,Xiaomi 14T Pro 1 TB Cep Telefonu
6.8 Ä°nÃ§,OLED,453 PPI,5600 mAh,50 MP,4 nm,Android,12 GB,512 GB,Var,120 Hz,Honor Magic6 Pro,Vivo X100 Pro Cep Telefonu
6.8 Ä°nÃ§,Dynamic AMOLED,505 PPI,5000 mAh,200 MP,4 nm,Android,12 GB,1 TB,Var,120 Hz,Samsung Galaxy S24 Ultra,Apple iPhone 15 Pro Max 512 GB Cep Telefonu
6.78 Ä°nÃ§,OLED,450 PPI,6500 mAh,50 MP,3 nm,Android,12 GB,512 GB,Var,120 Hz,realme GT7 Pro,Apple iPhone 16 Pro 128 GB Cep Telefonu
6.43 Ä°nÃ§,OLED,405 PPI,5150 mAh,50 MP,4 nm,Android,12 GB,512 GB,Var,120 Hz,Honor Magic V3,Apple iPhone 15 Pro 1 TB Cep Telefonu
6.67 Ä°nÃ§,AMOLED,446 PPI,5000 mAh,50 MP,4 nm,Android,12 GB,1 TB,Var,144 Hz,Xiaomi 14T Pro,Apple iPhone 15 Pro Max Cep Telefonu
6.78 Ä°nÃ§,AMOLED,452 PPI,5400 mAh,50 MP,4 nm,Android,16 GB,512 GB,Var,120 Hz,Vivo X100 Pro,Xiaomi 14 Cep Telefonu
6.7 Ä°nÃ§,OLED,460 PPI,4441 mAh,48 MP,3 nm,iOS,8 GB,512 GB,Var,120 Hz,Apple iPhone 15 Pro Max,Xiaomi 14T Pro 512 GB Cep Telefonu
6.3 Ä°nÃ§,OLED,460 PPI,3582 mAh,48 MP,3 nm,iOS,8 GB,128 GB,Var,120 Hz,Apple iPhone 16 Pro,Samsung Galaxy S25 256 GB Cep Telefonu
6.1 Ä°nÃ§,OLED,460 PPI,3274 mAh,48 MP,3 nm,iOS,8 GB,1 TB,Var,120 Hz,Apple iPhone 15 Pro,Apple iPhone 15 Pro 512 GB Cep Telefonu
6.7 Ä°nÃ§,OLED,460 PPI,4441 mAh,48 MP,3 nm,iOS,8 GB,256 GB,Var,120 Hz,Apple iPhone 15 Pro Max,Samsung Galaxy A36 5G
6.36 Ä°nÃ§,AMOLED,460 PPI,4610 mAh,50 MP,4 nm,Android,12 GB,512 GB,Var,120 Hz,Xiaomi 14,Samsung Galaxy S24 Ultra (SM-S928B) Cep Telefonu
6.8 Ä°nÃ§,Dynamic AMOLED,505 PPI,5000 mAh,200 MP,4 nm,Android,12 GB,512 GB,Var,120 Hz,Samsung Galaxy S24 Ultra,Xiaomi 14T Pro 256 GB Cep Telefonu
6.67 Ä°nÃ§,AMOLED,446 PPI,5000 mAh,50 MP,4 nm,Android,12 GB,512 GB,Var,144 Hz,Xiaomi 14T Pro,Apple iPhone 15 Pro 256 GB Cep Telefonu
6.2 Ä°nÃ§,Dynamic AMOLED,418 PPI,4000 mAh,50 MP,3 nm,Android,12 GB,256 GB,Var,120 Hz,Samsung Galaxy S25,Samsung Galaxy S25 (SM-S931B) Cep Telefonu
6.1 Ä°nÃ§,OLED,460 PPI,3274 mAh,48 MP,3 nm,iOS,8 GB,512 GB,Var,120 Hz,Apple iPhone 15 Pro,Apple iPhone 16 Plus 512 GB Cep Telefonu
6.8 Ä°nÃ§,Dynamic AMOLED,505 PPI,5000 mAh,200 MP,4 nm,Android,12 GB,256 GB,Var,120 Hz,Samsung Galaxy S24 Ultra,Samsung Galaxy Z Fold6 1 TB (SM-F956B) Cep Telefonu
6.85 Ä°nÃ§,AMOLED,431 PPI,7050 mAh,50 MP,3 nm,Android,16 GB,512 GB,Var,144 Hz,Nubia Red Magic 10 Pro,Samsung Galaxy S23 Ultra 12 GB / 512 GB (SM-S918B) Cep Telefonu
6.67 Ä°nÃ§,AMOLED,446 PPI,5000 mAh,50 MP,4 nm,Android,12 GB,256 GB,Var,144 Hz,Xiaomi 14T Pro,Apple iPhone 16 Plus 256 GB Cep Telefonu
6.8 Ä°nÃ§,Dynamic AMOLED,500 PPI,5000 mAh,200 MP,4 nm,Android,12 GB,1 TB,Var,120 Hz,Samsung Galaxy S23 Ultra,Apple iPhone 15 Pro Cep Telefonu
6.7 Ä°nÃ§,OLED,460 PPI,4323 mAh,48 MP,4 nm,iOS,6 GB,1 TB,Var,120 Hz,Apple iPhone 14 Pro Max,Samsung Galaxy S24+ (SM-S926B) Cep Telefonu
6.1 Ä°nÃ§,OLED,460 PPI,3274 mAh,48 MP,3 nm,iOS,8 GB,256 GB,Var,120 Hz,Apple iPhone 15 Pro,Honor Magic V2 (VER-N49) Cep Telefonu
6.2 Ä°nÃ§,Dynamic AMOLED,418 PPI,4000 mAh,50 MP,3 nm,Android,12 GB,128 GB,Var,120 Hz,Samsung Galaxy S25,Apple iPhone 16 512 GB Cep Telefonu
6.7 Ä°nÃ§,OLED,460 PPI,4674 mAh,48 MP,3 nm,iOS,8 GB,512 GB,Var,60 Hz,Apple iPhone 16 Plus,Apple iPhone 16 Plus 128 GB Cep Telefonu
6.73 Ä°nÃ§,AMOLED,521 PPI,4820 mAh,50 MP,4 nm,Android,12 GB,512 GB,Var,120 Hz,Xiaomi 13 Pro,Samsung Galaxy Z Fold6 512 GB (SM-F956B) Cep Telefonu
6.3 Ä°nÃ§,Dynamic AMOLED,407 PPI,4400 mAh,50 MP,4 nm,Android,12 GB,1 TB,Var,120 Hz,Samsung Galaxy Z Fold6,Apple iPhone 16 256 GB Cep Telefonu
6.8 Ä°nÃ§,Dynamic AMOLED,500 PPI,5000 mAh,200 MP,4 nm,Android,12 GB,512 GB,Var,120 Hz,Samsung Galaxy S23 Ultra,Samsung Galaxy S23 Ultra (SM-S918B) Cep Telefonu
6.7 Ä°nÃ§,OLED,460 PPI,4323 mAh,48 MP,4 nm,iOS,6 GB,512 GB,Var,120 Hz,Apple iPhone 14 Pro Max,Samsung Galaxy Z Fold6 256 GB Cep Telefonu
6.8 Ä°nÃ§,AMOLED,400 PPI,6000 mAh,50 MP,4 nm,Android,16 GB,512 GB,Var,120 Hz,ZTE Nubia Z60 Ultra,realme GT 6 16 GB / 512 GB (RMX3851) Cep Telefonu
6.7 Ä°nÃ§,OLED,460 PPI,4674 mAh,48 MP,3 nm,iOS,8 GB,256 GB,Var,60 Hz,Apple iPhone 16 Plus,OnePlus 11 Cep Telefonu
6.1 Ä°nÃ§,OLED,460 PPI,3274 mAh,48 MP,3 nm,iOS,8 GB,128 GB,Var,120 Hz,Apple iPhone 15 Pro,Xiaomi 14T 512 GB Cep Telefonu
6.1 Ä°nÃ§,OLED,460 PPI,3200 mAh,48 MP,4 nm,iOS,6 GB,1 TB,Var,120 Hz,Apple iPhone 14 Pro,Samsung Galaxy Z Fold5 1 TB (SM-F956B) Cep Telefonu
6.7 Ä°nÃ§,Dynamic AMOLED,513 PPI,4900 mAh,50 MP,4 nm,Android,12 GB,256 GB,Var,120 Hz,Samsung Galaxy S24+,Honor 200 Pro (ELP-NX9) Cep Telefonu
6.85 Ä°nÃ§,AMOLED,431 PPI,7050 mAh,50 MP,3 nm,Android,12 GB,256 GB,Var,144 Hz,Nubia Red Magic 10 Pro,Oppo Reno 13 Pro 5G (CPH2697) Cep Telefonu
6.73 Ä°nÃ§,AMOLED,521 PPI,4820 mAh,50 MP,4 nm,Android,12 GB,256 GB,Var,120 Hz,Xiaomi 13 Pro,Apple iPhone 16e 512 GB Cep Telefonu
6.7 Ä°nÃ§,OLED,460 PPI,4323 mAh,48 MP,4 nm,iOS,6 GB,256 GB,Var,120 Hz,Apple iPhone 14 Pro Max,Apple iPhone 16 128 GB Cep Telefonu
6.43 Ä°nÃ§,OLED,405 PPI,5000 mAh,50 MP,4 nm,Android,16 GB,512 GB,Var,120 Hz,Honor Magic V2,Xiaomi 14T 256 GB Cep Telefonu
6.1 Ä°nÃ§,OLED,460 PPI,3561 mAh,48 MP,3 nm,iOS,8 GB,512 GB,Var,60 Hz,Apple iPhone 16,Nubia Red Magic 9S Pro 16 GB / 512 GB Cep Telefonu
6.7 Ä°nÃ§,OLED,460 PPI,4674 mAh,48 MP,3 nm,iOS,8 GB,128 GB,Var,60 Hz,Apple iPhone 16 Plus,Huawei Pura 70 Ultra (HBP-LX9) Cep Telefonu
6.3 Ä°nÃ§,Dynamic AMOLED,407 PPI,4400 mAh,50 MP,4 nm,Android,12 GB,512 GB,Var,120 Hz,Samsung Galaxy Z Fold6,Xiaomi 13T Pro Cep Telefonu
6.67 Ä°nÃ§,AMOLED,526 PPI,6000 mAh,50 MP,4 nm,Android,12 GB,512 GB,Var,120 Hz,Poco F7 Pro,Poco X7 Pro 12 GB / 512 GB Cep Telefonu
6.1 Ä°nÃ§,OLED,460 PPI,3200 mAh,48 MP,4 nm,iOS,6 GB,512 GB,Var,120 Hz,Apple iPhone 14 Pro,Poco F6 Pro 16 GB / 1 TB Cep Telefonu
6.1 Ä°nÃ§,OLED,460 PPI,3561 mAh,48 MP,3 nm,iOS,8 GB,256 GB,Var,60 Hz,Apple iPhone 16,Samsung Galaxy Z Flip6 512 GB (SM-F741B) Cep Telefonu
6.8 Ä°nÃ§,Dynamic AMOLED,500 PPI,5000 mAh,200 MP,4 nm,Android,8 GB,256 GB,Var,120 Hz,Samsung Galaxy S23 Ultra,Apple iPhone 16e 256 GB Cep Telefonu
6.7 Ä°nÃ§,OLED,460 PPI,4323 mAh,48 MP,4 nm,iOS,6 GB,128 GB,Var,120 Hz,Apple iPhone 14 Pro Max,Samsung Galaxy Z Fold5 512 GB (SM-F956B) Cep Telefonu
6.3 Ä°nÃ§,Dynamic AMOLED,407 PPI,4400 mAh,50 MP,4 nm,Android,12 GB,256 GB,Var,120 Hz,Samsung Galaxy Z Fold6,Samsung Galaxy S24 256 GB (SM-S921B) Cep Telefonu
6.67 Ä°nÃ§,AMOLED,526 PPI,6000 mAh,50 MP,4 nm,Android,12 GB,256 GB,Var,120 Hz,Poco F7 Pro,OnePlus 12R (CPH2609) Cep Telefonu
6.78 Ä°nÃ§,AMOLED,450 PPI,5500 mAh,50 MP,4 nm,Android,16 GB,512 GB,Var,120 Hz,realme GT 6,Xiaomi Mix Flip Cep Telefonu
6.7 Ä°nÃ§,OLED,458 PPI,4352 mAh,12 MP,5 nm,iOS,6 GB,1 TB,Var,120 Hz,Apple iPhone 13 Pro Max,Apple iPhone 15 Plus 512 GB Cep Telefonu
6.7 Ä°nÃ§,AMOLED,525 PPI,5000 mAh,50 MP,4 nm,Android,16 GB,256 GB,Var,120 Hz,OnePlus 11,Huawei Mate X6 (ICL-LX9) Cep Telefonu
6.67 Ä°nÃ§,AMOLED,446 PPI,5000 mAh,50 MP,4 nm,Android,12 GB,512 GB,Var,144 Hz,Xiaomi 14T,Samsung Galaxy S23+ (SM-S916B) Cep Telefonu
6.2 Ä°nÃ§,Super AMOLED,402 PPI,4400 mAh,50 MP,4 nm,Android,12 GB,1 TB,Var,120 Hz,Samsung Galaxy Z Fold5,realme GT 6 12 GB / 256 GB Cep Telefonu
6.1 Ä°nÃ§,OLED,460 PPI,3200 mAh,48 MP,4 nm,iOS,6 GB,256 GB,Var,120 Hz,Apple iPhone 14 Pro,Tecno Phantom V Fold2 Cep Telefonu
6.78 Ä°nÃ§,AMOLED,437 PPI,5200 mAh,50 MP,4 nm,Android,12 GB,512 GB,Var,120 Hz,Honor 200 Pro,Samsung Galaxy Z Flip6 (SM-F741B) Cep Telefonu
6.83 Ä°nÃ§,AMOLED,450 PPI,5800 mAh,50 MP,4 nm,Android,12 GB,512 GB,Var,120 Hz,Oppo Reno 13 Pro 5G,Huawei Pura 70 Pro (HBN-LX9) Cep Telefonu
6.8 Ä°nÃ§,Dynamic AMOLED,500 PPI,5000 mAh,108 MP,4 nm,Android,12 GB,512 GB,Var,120 Hz,Samsung Galaxy S22 Ultra,Samsung Galaxy Z Fold5 (SM-F956B) Cep Telefonu
6.1 Ä°nÃ§,OLED,460 PPI,4005 mAh,48 MP,3 nm,iOS,8 GB,512 GB,Var,60 Hz,Apple iPhone 16e,Samsung Galaxy S24 FE 256 GB Cep Telefonu
6.1 Ä°nÃ§,OLED,460 PPI,3561 mAh,48 MP,3 nm,iOS,8 GB,128 GB,Var,60 Hz,Apple iPhone 16,Apple iPhone 16e Cep Telefonu
6.67 Ä°nÃ§,AMOLED,446 PPI,5000 mAh,50 MP,4 nm,Android,12 GB,256 GB,Var,144 Hz,Xiaomi 14T,Apple iPhone 15 Plus 256 GB Cep Telefonu
6.8 Ä°nÃ§,AMOLED,400 PPI,6500 mAh,50 MP,4 nm,Android,16 GB,512 GB,Var,120 Hz,Nubia Red Magic 9S Pro,Nubia Red Magic 9S Pro 12 GB / 256 GB Cep Telefonu
6.8 Ä°nÃ§,OLED,460 PPI,5200 mAh,50 MP,7 nm,Android,16 GB,512 GB,Var,120 Hz,Huawei Pura 70 Ultra,Samsung Galaxy S24 (SM-S921B) Cep Telefonu
6.67 Ä°nÃ§,AMOLED,446 PPI,5000 mAh,50 MP,4 nm,Android,12 GB,512 GB,Var,144 Hz,Xiaomi 13T Pro,Apple iPhone 15 512 GB Cep Telefonu
6.67 Ä°nÃ§,AMOLED,446 PPI,6000 mAh,50 MP,4 nm,Android,12 GB,512 GB,Var,120 Hz,Poco X7 Pro IronMan Edition,Samsung Galaxy S23 256 GB (SM-S911B) Cep Telefonu
6.67 Ä°nÃ§,AMOLED,446 PPI,6000 mAh,50 MP,4 nm,Android,12 GB,512 GB,Var,120 Hz,Poco X7 Pro,Huawei P60 Pro (MNA-LX9) Cep Telefonu
6.67 Ä°nÃ§,AMOLED,526 PPI,5000 mAh,50 MP,4 nm,Android,16 GB,1 TB,Var,120 Hz,Poco F6 Pro,Samsung Galaxy S24 FE 128 GB (SM-S721B) Cep Telefonu
6.4 Ä°nÃ§,OLED,426 PPI,4800 mAh,50 MP,4 nm,Android,12 GB,512 GB,Var,120 Hz,Huawei Mate X3,Poco F6 Pro 12 GB / 512 GB Cep Telefonu
6.8 Ä°nÃ§,AMOLED,400 PPI,6500 mAh,50 MP,4 nm,Android,16 GB,512 GB,Var,120 Hz,Nubia Red Magic 9 Pro,Apple iPhone 15 Plus Cep Telefonu
6.8 Ä°nÃ§,Dynamic AMOLED,500 PPI,5000 mAh,108 MP,4 nm,Android,12 GB,256 GB,Var,120 Hz,Samsung Galaxy S22 Ultra,Apple iPhone 15 256 GB Cep Telefonu
6.7 Ä°nÃ§,Dynamic AMOLED,425 PPI,4000 mAh,50 MP,4 nm,Android,12 GB,512 GB,Var,120 Hz,Samsung Galaxy Z Flip6,realme GT 6T (RMX3853) Cep Telefonu
6.1 Ä°nÃ§,OLED,460 PPI,3200 mAh,48 MP,4 nm,iOS,6 GB,128 GB,Var,120 Hz,Apple iPhone 14 Pro,Poco F6 12 GB / 512 GB Cep Telefonu
6.1 Ä°nÃ§,OLED,460 PPI,4005 mAh,48 MP,3 nm,iOS,8 GB,256 GB,Var,60 Hz,Apple iPhone 16e,Samsung Galaxy S23 (SM-S911B) Cep Telefonu
6.67 Ä°nÃ§,OLED,444 PPI,4815 mAh,48 MP,4 nm,Android,12 GB,512 GB,Var,120 Hz,Huawei P60 Pro,Poco F5 Pro 512 GB Cep Telefonu
6.7 Ä°nÃ§,OLED,458 PPI,4352 mAh,12 MP,5 nm,iOS,6 GB,512 GB,Var,120 Hz,Apple iPhone 13 Pro Max,Huawei Pura 70 (ADY-LX9) Cep Telefonu
6.36 Ä°nÃ§,AMOLED,414 PPI,4500 mAh,50 MP,4 nm,Android,12 GB,256 GB,Var,120 Hz,Xiaomi 13,Samsung Galaxy A16 5G
6.2 Ä°nÃ§,Super AMOLED,402 PPI,4400 mAh,50 MP,4 nm,Android,12 GB,512 GB,Var,120 Hz,Samsung Galaxy Z Fold5,Xiaomi 13T Cep Telefonu
6.2 Ä°nÃ§,Dynamic AMOLED,418 PPI,4000 mAh,50 MP,4 nm,Android,8 GB,256 GB,Var,120 Hz,Samsung Galaxy S24,Apple iPhone 15 128 GB Cep Telefonu
6.78 Ä°nÃ§,AMOLED,450 PPI,5500 mAh,50 MP,4 nm,Android,16 GB,256 GB,Var,120 Hz,OnePlus 12R,Samsung Galaxy Z Flip5 512 GB (SM-F731B) Cep Telefonu
6.86 Ä°nÃ§,AMOLED,460 PPI,4780 mAh,50 MP,4 nm,Android,12 GB,512 GB,Var,120 Hz,Xiaomi Mix Flip,Poco X6 Pro 12 GB / 512 GB Cep Telefonu
6.7 Ä°nÃ§,OLED,460 PPI,4383 mAh,48 MP,4 nm,iOS,6 GB,512 GB,Var,60 Hz,Apple iPhone 15 Plus,Samsung Galaxy Z Flip 5 256 GB (SM-F731B) Cep Telefonu
6.45 Ä°nÃ§,OLED,,5110 mAh,50 MP,7 nm,Android,12 GB,512 GB,Var,120 Hz,Huawei Mate X6,Vivo V50 5G (V2427) Cep Telefonu
6.1 Ä°nÃ§,OLED,460 PPI,3095 mAh,12 MP,5 nm,iOS,6 GB,1 TB,Var,120 Hz,Apple iPhone 13 Pro,Redmi Note 14 Pro+ Cep Telefonu
6.6 Ä°nÃ§,Dynamic AMOLED,393 PPI,4700 mAh,50 MP,4 nm,Android,8 GB,256 GB,Var,120 Hz,Samsung Galaxy S23+,Samsung Galaxy S23 FE 256 GB Cep Telefonu
6.78 Ä°nÃ§,AMOLED,450 PPI,5500 mAh,50 MP,4 nm,Android,12 GB,256 GB,Var,120 Hz,realme GT 6,OnePlus Nord 3 (CPH2493) Cep Telefonu
6.42 Ä°nÃ§,AMOLED,431 PPI,5750 mAh,50 MP,4 nm,Android,12 GB,512 GB,Var,120 Hz,Tecno Phantom V Fold2,Vivo V40 Cep Telefonu
6.7 Ä°nÃ§,Dynamic AMOLED,425 PPI,4000 mAh,50 MP,4 nm,Android,12 GB,256 GB,Var,120 Hz,Samsung Galaxy Z Flip6,Redmi Note 13 Pro+ 5G Cep Telefonu
6.7 Ä°nÃ§,OLED,458 PPI,4352 mAh,12 MP,5 nm,iOS,6 GB,256 GB,Var,120 Hz,Apple iPhone 13 Pro Max,Honor 200 12 GB / 512 GB (ELI-NX9) Cep Telefonu
6.8 Ä°nÃ§,OLED,460 PPI,5050 mAh,50 MP,7 nm,Android,12 GB,512 GB,Var,120 Hz,Huawei Pura 70 Pro,Redmi Note 14 Pro 5G Cep Telefonu
6.2 Ä°nÃ§,Super AMOLED,402 PPI,4400 mAh,50 MP,4 nm,Android,12 GB,256 GB,Var,120 Hz,Samsung Galaxy Z Fold5,Samsung Galaxy S23 FE (SM-S711B) Cep Telefonu
6.2 Ä°nÃ§,Super AMOLED,402 PPI,4400 mAh,50 MP,4 nm,Android,12 GB,1 TB,Var,120 Hz,Samsung Galaxy Z Fold4,Poco X7 12 GB / 512 GB Cep Telefonu
6.7 Ä°nÃ§,Dynamic AMOLED,385 PPI,4700 mAh,50 MP,4 nm,Android,8 GB,256 GB,Var,120 Hz,Samsung Galaxy S24 FE,Tecno Camon 30 Pro (CL8) Cep Telefonu
6.1 Ä°nÃ§,OLED,460 PPI,4005 mAh,48 MP,3 nm,iOS,8 GB,128 GB,Var,60 Hz,Apple iPhone 16e,Redmi Note 13 Pro 5G 12 GB / 512 GB Cep Telefonu
6.7 Ä°nÃ§,OLED,460 PPI,4383 mAh,48 MP,4 nm,iOS,6 GB,256 GB,Var,60 Hz,Apple iPhone 15 Plus,realme 12 Pro+ 12 GB / 512 GB (RMX3840) Cep Telefonu
6.8 Ä°nÃ§,AMOLED,400 PPI,6500 mAh,50 MP,4 nm,Android,12 GB,256 GB,Var,120 Hz,Nubia Red Magic 9S Pro,Poco F5 Cep Telefonu
6.2 Ä°nÃ§,Dynamic AMOLED,418 PPI,4000 mAh,50 MP,4 nm,Android,8 GB,128 GB,Var,120 Hz,Samsung Galaxy S24,Huawei Nova 13 Pro 512 GB (MIS-LX9) Cep Telefonu
6.8 Ä°nÃ§,Dynamic AMOLED,516 PPI,5000 mAh,108 MP,5 nm,Android,12 GB,256 GB,Var,120 Hz,Samsung Galaxy S21 Ultra 5G,Vivo V30 (V2318) Cep Telefonu
6.67 Ä°nÃ§,AMOLED,446 PPI,6000 mAh,50 MP,4 nm,Android,8 GB,256 GB,Var,120 Hz,Poco X7 Pro,Honor 200 8 GB / 256 GB Cep Telefonu
6.8 Ä°nÃ§,AMOLED,400 PPI,6500 mAh,50 MP,4 nm,Android,12 GB,256 GB,Var,120 Hz,Nubia Red Magic 9 Pro,Nothing Phone (2a) Plus Cep Telefonu
6.1 Ä°nÃ§,OLED,460 PPI,3349 mAh,48 MP,4 nm,iOS,6 GB,512 GB,Var,60 Hz,Apple iPhone 15,Samsung Galaxy A56 5G 256 GB (SM-A566B) Cep Telefonu
6.1 Ä°nÃ§,Dynamic AMOLED,425 PPI,3900 mAh,50 MP,4 nm,Android,8 GB,256 GB,Var,120 Hz,Samsung Galaxy S23,Poco X6 5G 512 GB Cep Telefonu
6.67 Ä°nÃ§,OLED,444 PPI,4815 mAh,48 MP,4 nm,Android,8 GB,256 GB,Var,120 Hz,Huawei P60 Pro,Huawei Nova 13 Pro 256 GB Cep Telefonu
6.74 Ä°nÃ§,OLED,428 PPI,4700 mAh,50 MP,4 nm,Android,8 GB,512 GB,Var,120 Hz,Huawei Mate 50 Pro,Poco X7 Cep Telefonu
6.1 Ä°nÃ§,OLED,460 PPI,3095 mAh,12 MP,5 nm,iOS,6 GB,512 GB,Var,120 Hz,Apple iPhone 13 Pro,Samsung Galaxy A55 5G 256 GB Cep Telefonu
6.7 Ä°nÃ§,OLED,458 PPI,4352 mAh,12 MP,5 nm,iOS,6 GB,128 GB,Var,120 Hz,Apple iPhone 13 Pro Max,Oppo Reno13 F 5G (CPH2699) Cep Telefonu
6.8 Ä°nÃ§,Dynamic AMOLED,500 PPI,5000 mAh,108 MP,4 nm,Android,8 GB,128 GB,Var,120 Hz,Samsung Galaxy S22 Ultra,Redmi Note 13 Pro 5G 8 GB / 256 GB Cep Telefonu
6.7 Ä°nÃ§,Dynamic AMOLED,385 PPI,4700 mAh,50 MP,4 nm,Android,8 GB,128 GB,Var,120 Hz,Samsung Galaxy S24 FE,Poco X6 5G 256 GB Cep Telefonu
6.67 Ä°nÃ§,AMOLED,526 PPI,5000 mAh,50 MP,4 nm,Android,12 GB,512 GB,Var,120 Hz,Poco F6 Pro,realme 12 Pro+ (RMX3840) Cep Telefonu
6.7 Ä°nÃ§,OLED,460 PPI,4383 mAh,48 MP,4 nm,iOS,6 GB,128 GB,Var,60 Hz,Apple iPhone 15 Plus,Samsung Galaxy A56 5G 128 GB Cep Telefonu
6.7 Ä°nÃ§,AMOLED,525 PPI,4500 mAh,48 MP,5 nm,Android,12 GB,256 GB,Var,120 Hz,OnePlus 9 Pro,Honor Magic7 Lite 512 GB Cep Telefonu
6.2 Ä°nÃ§,Super AMOLED,402 PPI,4400 mAh,50 MP,4 nm,Android,12 GB,512 GB,Var,120 Hz,Samsung Galaxy Z Fold4,Honor 90 (REA-NX9) Cep Telefonu
6.1 Ä°nÃ§,OLED,460 PPI,3349 mAh,48 MP,4 nm,iOS,6 GB,256 GB,Var,60 Hz,Apple iPhone 15,Samsung Galaxy A55 5G (SM-A556E) Cep Telefonu
6.78 Ä°nÃ§,AMOLED,450 PPI,5500 mAh,50 MP,4 nm,Android,12 GB,256 GB,Var,120 Hz,realme GT 6T,Nothing Phone (2a) 12 GB / 256 GB Cep Telefonu
6.1 Ä°nÃ§,OLED,460 PPI,3095 mAh,12 MP,5 nm,iOS,6 GB,256 GB,Var,120 Hz,Apple iPhone 13 Pro,Samsung Galaxy A54 5G 256 GB Cep Telefonu
6.8 Ä°nÃ§,Dynamic AMOLED,516 PPI,5000 mAh,108 MP,5 nm,Android,12 GB,128 GB,Var,120 Hz,Samsung Galaxy S21 Ultra 5G,Samsung Galaxy A35 5G 256 GB Cep Telefonu
6.73 Ä°nÃ§,AMOLED,522 PPI,4600 mAh,50 MP,4 nm,Android,12 GB,256 GB,Var,120 Hz,Xiaomi 12 Pro,Redmi Note 14 Pro 12 GB / 512 GB Cep Telefonu
6.67 Ä°nÃ§,AMOLED,526 PPI,5000 mAh,50 MP,4 nm,Android,12 GB,256 GB,Var,120 Hz,Poco F6 Pro,Honor Magic7 Lite (BRP-NX1M) Cep Telefonu
6.67 Ä°nÃ§,AMOLED,446 PPI,5000 mAh,50 MP,4 nm,Android,12 GB,512 GB,Var,120 Hz,Poco F6,realme 12 Pro (RMX3842) Cep Telefonu
6.1 Ä°nÃ§,Dynamic AMOLED,425 PPI,3900 mAh,50 MP,4 nm,Android,8 GB,128 GB,Var,120 Hz,Samsung Galaxy S23,Tecno Camon 20 Premier 5G (CK9n) Cep Telefonu
6.6 Ä°nÃ§,Dynamic AMOLED,393 PPI,4500 mAh,50 MP,4 nm,Android,8 GB,256 GB,Var,120 Hz,Samsung Galaxy S22+,Vivo V29 5G Cep Telefonu
6.67 Ä°nÃ§,AMOLED,526 PPI,5160 mAh,64 MP,4 nm,Android,12 GB,512 GB,Var,120 Hz,Poco F5 Pro,Redmi Note 14S 12 GB / 512 GB Cep Telefonu
6.2 Ä°nÃ§,Super AMOLED,402 PPI,4400 mAh,50 MP,4 nm,Android,12 GB,256 GB,Var,120 Hz,Samsung Galaxy Z Fold4,Samsung Galaxy A36 5G 128 GB Cep Telefonu
6.74 Ä°nÃ§,OLED,428 PPI,4700 mAh,50 MP,4 nm,Android,8 GB,256 GB,Var,120 Hz,Huawei Mate 50 Pro,Redmi Note 13 Pro 12 GB / 512 GB Cep Telefonu
6.7 Ä°nÃ§,OLED,458 PPI,4325 mAh,12 MP,5 nm,iOS,6 GB,512 GB,Var,60 Hz,Apple iPhone 14 Plus,Samsung Galaxy A34 5G 8 GB / 256 GB Cep Telefonu
6.6 Ä°nÃ§,OLED,460 PPI,4900 mAh,50 MP,7 nm,Android,12 GB,256 GB,Var,120 Hz,Huawei Pura 70,Oppo Reno11 F 5G (CPH2603) Cep Telefonu
6.76 Ä°nÃ§,OLED,456 PPI,4400 mAh,50 MP,5 nm,Android,8 GB,256 GB,Var,90 Hz,Huawei Mate 40 Pro 5G,realme 11 Pro+ 512 GB (RMX3741) Cep Telefonu
6.67 Ä°nÃ§,AMOLED,446 PPI,5000 mAh,50 MP,4 nm,Android,12 GB,256 GB,Var,144 Hz,Xiaomi 13T,Samsung Galaxy A54 5G 128 GB (SM-A546E) Cep Telefonu
6.1 Ä°nÃ§,OLED,460 PPI,3349 mAh,48 MP,4 nm,iOS,6 GB,128 GB,Var,60 Hz,Apple iPhone 15,Samsung Galaxy A35 5G (SM-A356E) Cep Telefonu
6.74 Ä°nÃ§,AMOLED,450 PPI,4600 mAh,50 MP,4 nm,Android,16 GB,1 TB,Var,144 Hz,realme GT3,Tecno Phantom V Flip2 Cep Telefonu
6.7 Ä°nÃ§,Dynamic AMOLED,425 PPI,3700 mAh,12 MP,4 nm,Android,8 GB,512 GB,Var,120 Hz,Samsung Galaxy Z Flip5,Poco M6 Pro Cep Telefonu
6.1 Ä°nÃ§,OLED,460 PPI,3095 mAh,12 MP,5 nm,iOS,6 GB,128 GB,Var,120 Hz,Apple iPhone 13 Pro,Tecno Pova 6 Pro (LI9) Cep Telefonu
6.42 Ä°nÃ§,AMOLED,431 PPI,5000 mAh,50 MP,4 nm,Android,12 GB,512 GB,Var,120 Hz,Tecno Phantom V Fold,Tecno Camon 30 5G (CL7) Cep Telefonu
6.67 Ä°nÃ§,AMOLED,446 PPI,5000 mAh,64 MP,4 nm,Android,12 GB,512 GB,Var,120 Hz,Poco X6 Pro,Redmi Note 14 Pro 8 GB / 256 GB Cep Telefonu
6.67 Ä°nÃ§,AMOLED,526 PPI,5160 mAh,64 MP,4 nm,Android,12 GB,256 GB,Var,120 Hz,Poco F5 Pro,Samsung Galaxy A34 5G 8 GB / 128 GB (SM-A346E) Cep Telefonu
6.7 Ä°nÃ§,OLED,458 PPI,4325 mAh,12 MP,5 nm,iOS,6 GB,256 GB,Var,60 Hz,Apple iPhone 14 Plus,realme 12+ (RMX3867) Cep Telefonu
6.7 Ä°nÃ§,OLED,458 PPI,3687 mAh,12 MP,5 nm,iOS,6 GB,512 GB,Var,60 Hz,Apple iPhone 12 Pro Max,Samsung Galaxy A26 5G 8 GB / 256 GB Cep Telefonu
6.6 Ä°nÃ§,Dynamic AMOLED,393 PPI,4500 mAh,50 MP,4 nm,Android,8 GB,128 GB,Var,120 Hz,Samsung Galaxy S22+,Poco M7 Pro 5G Cep Telefonu
6.9 Ä°nÃ§,Dynamic AMOLED,511 PPI,5000 mAh,108 MP,7 nm,Android,12 GB,128 GB,Var,120 Hz,Samsung Galaxy S20 Ultra,Nothing Phone (2a) Cep Telefonu
6.67 Ä°nÃ§,AMOLED,446 PPI,5000 mAh,200 MP,4 nm,Android,12 GB,256 GB,Var,120 Hz,Xiaomi 12T Pro,Tecno Phantom V Flip 5G (AD11) Cep Telefonu
6.6 Ä°nÃ§,OLED,450 PPI,4360 mAh,50 MP,5 nm,Android,8 GB,256 GB,Var,120 Hz,Huawei P50 Pro,Tecno Pova 6 (LI7) Cep Telefonu
6.7 Ä°nÃ§,Dynamic AMOLED,425 PPI,3700 mAh,12 MP,4 nm,Android,8 GB,256 GB,Var,120 Hz,Samsung Galaxy Z Flip 5,Redmi Note 13 Pro Cep Telefonu
6.77 Ä°nÃ§,AMOLED,387 PPI,6000 mAh,50 MP,4 nm,Android,12 GB,256 GB,Var,120 Hz,Vivo V50 5G,Reeder S71 Cep Telefonu
6.1 Ä°nÃ§,OLED,460 PPI,3279 mAh,12 MP,5 nm,iOS,6 GB,512 GB,Var,60 Hz,Apple iPhone 14,Huawei Nova 13 (BLK-LX9) Cep Telefonu
6.67 Ä°nÃ§,AMOLED,446 PPI,5000 mAh,50 MP,4 nm,Android,8 GB,256 GB,Var,120 Hz,Poco F6,Honor X9b (ALI-NX1) Cep Telefonu
6.67 Ä°nÃ§,AMOLED,446 PPI,5110 mAh,200 MP,4 nm,Android,12 GB,512 GB,Var,120 Hz,Redmi Note 14 Pro+,Xiaomi 13 Lite Cep Telefonu
6.4 Ä°nÃ§,Dynamic AMOLED,403 PPI,4500 mAh,50 MP,4 nm,Android,8 GB,256 GB,Var,120 Hz,Samsung Galaxy S23 FE,Huawei Nova 11 Pro (GOA-LX9) Cep Telefonu
6.7 Ä°nÃ§,OLED,458 PPI,3687 mAh,12 MP,5 nm,iOS,6 GB,256 GB,Var,60 Hz,Apple iPhone 12 Pro Max,Samsung Galaxy A26 5G 6 GB / 128 GB (SM-A266B) Cep Telefonu
6.7 Ä°nÃ§,Dynamic AMOLED,393 PPI,4800 mAh,12 MP,5 nm,Android,8 GB,256 GB,Var,120 Hz,Samsung Galaxy S21 Plus 5G,Tecno Camon 30 12 GB (CL6) Cep Telefonu
6.28 Ä°nÃ§,AMOLED,419 PPI,4500 mAh,50 MP,4 nm,Android,12 GB,256 GB,Var,120 Hz,Xiaomi 12,Huawei Nova 11 (GOA-LX9) Cep Telefonu
6.78 Ä°nÃ§,AMOLED,513 PPI,4510 mAh,48 MP,7 nm,Android,12 GB,256 GB,Var,120 Hz,OnePlus 8 Pro,Redmi Note 12 Pro Cep Telefonu
6.74 Ä°nÃ§,AMOLED,450 PPI,5000 mAh,50 MP,4 nm,Android,16 GB,256 GB,Var,120 Hz,OnePlus Nord 3,Oppo Reno13 F (CPH2701) Cep Telefonu
6.78 Ä°nÃ§,AMOLED,452 PPI,5500 mAh,50 MP,4 nm,Android,12 GB,256 GB,Var,120 Hz,Vivo V40,Huawei Nova 12s (FOA-LX9) Cep Telefonu
6.7 Ä°nÃ§,AMOLED,394 PPI,4700 mAh,50 MP,4 nm,Android,12 GB,512 GB,Var,120 Hz,Nothing Phone,Samsung Galaxy A25 5G 8 GB / 256 GB Cep Telefonu
6.7 Ä°nÃ§,OLED,458 PPI,4325 mAh,12 MP,5 nm,iOS,6 GB,128 GB,Var,60 Hz,Apple iPhone 14 Plus,realme 11 Pro (RMX3771) Cep Telefonu
6.7 Ä°nÃ§,AMOLED,526 PPI,5000 mAh,50 MP,4 nm,Android,12 GB,256 GB,Var,120 Hz,realme GT 2 Pro,Tecno Camon 30 (CL6) Cep Telefonu
6.1 Ä°nÃ§,OLED,460 PPI,2815 mAh,12 MP,5 nm,iOS,6 GB,512 GB,Var,60 Hz,Apple iPhone 12 Pro,Redmi Note 14 256 GB Cep Telefonu
6.8 Ä°nÃ§,Dynamic AMOLED,498 PPI,4300 mAh,12 MP,7 nm,Android,12 GB,256 GB,Var,60 Hz,Samsung Galaxy Note 10+,Infinix Note 40 (X6853) Cep Telefonu
6.67 Ä°nÃ§,AMOLED,446 PPI,5000 mAh,200 MP,4 nm,Android,12 GB,512 GB,Var,120 Hz,Redmi Note 13 Pro+ 5G,Samsung Galaxy M34 5G (SM-M346B2/DS) Cep Telefonu
6.8 Ä°nÃ§,Dynamic AMOLED,498 PPI,4300 mAh,12 MP,7 nm,Android,12 GB,256 GB,Var,60 Hz,Samsung Galaxy Note10+ Star Wars Special Edition,General Mobile GM Phoneix 5G (G901) Cep Telefonu
6.58 Ä°nÃ§,OLED,441 PPI,4200 mAh,50 MP,7 nm,Android,8 GB,256 GB,Var,90 Hz,Huawei P40 Pro,Infinix Zero 30 4G (X6731B) Cep Telefonu
6.1 Ä°nÃ§,OLED,460 PPI,3279 mAh,12 MP,5 nm,iOS,6 GB,256 GB,Var,60 Hz,Apple iPhone 14,Vivo V50 Lite (V2441) Cep Telefonu
6.1 Ä°nÃ§,Dynamic AMOLED,425 PPI,3700 mAh,50 MP,4 nm,Android,8 GB,128 GB,Var,120 Hz,Samsung Galaxy S22,realme 12 4G 512 GB (RMX3871) Cep Telefonu
6.9 Ä°nÃ§,Dynamic AMOLED,494 PPI,4500 mAh,108 MP,7 nm,Android,8 GB,256 GB,Var,120 Hz,Samsung Galaxy Note 20 Ultra,Poco X5 5G Cep Telefonu
6.2 Ä°nÃ§,Super AMOLED,386 PPI,4400 mAh,12 MP,5 nm,Android,12 GB,256 GB,Var,120 Hz,Samsung Galaxy Z Fold3 5G,Samsung Galaxy A25 5G (SM-A256E) Cep Telefonu
6.1 Ä°nÃ§,OLED,460 PPI,3227 mAh,12 MP,5 nm,iOS,4 GB,512 GB,Var,60 Hz,Apple iPhone 13,Tecno Spark 20 Pro+ (KJ7) Cep Telefonu
6.67 Ä°nÃ§,AMOLED,446 PPI,5000 mAh,64 MP,4 nm,Android,8 GB,256 GB,Var,120 Hz,Poco X6 Pro,Redmi Note 13 Cep Telefonu
6.7 Ä°nÃ§,AMOLED,435 PPI,5200 mAh,50 MP,4 nm,Android,12 GB,512 GB,Var,120 Hz,Honor 200,Tecno Camon 20 Pro (CK7n) Cep Telefonu
6.7 Ä°nÃ§,AMOLED,394 PPI,4700 mAh,50 MP,4 nm,Android,12 GB,256 GB,Var,120 Hz,Nothing Phone,Oppo Reno11 FS (CPH2687) Cep Telefonu
6.67 Ä°nÃ§,AMOLED,446 PPI,5110 mAh,200 MP,4 nm,Android,12 GB,512 GB,Var,120 Hz,Redmi Note 14 Pro 5G,Vivo V29 Lite 5G Cep Telefonu
6.4 Ä°nÃ§,Dynamic AMOLED,403 PPI,4500 mAh,50 MP,4 nm,Android,8 GB,128 GB,Var,120 Hz,Samsung Galaxy S23 FE,Redmi Note 14 Cep Telefonu
6.7 Ä°nÃ§,OLED,458 PPI,3687 mAh,12 MP,5 nm,iOS,6 GB,128 GB,Var,60 Hz,Apple iPhone 12 Pro Max,Tecno Spark 30 Pro (KL7) Cep Telefonu
6.7 Ä°nÃ§,Dynamic AMOLED,393 PPI,4800 mAh,12 MP,5 nm,Android,8 GB,128 GB,Var,120 Hz,Samsung Galaxy S21 Plus 5G,Tecno Spark 20 Pro 12 GB (KJ6) Cep Telefonu
6.1 Ä°nÃ§,OLED,460 PPI,2815 mAh,12 MP,5 nm,iOS,6 GB,256 GB,Var,60 Hz,Apple iPhone 12 Pro,realme 12 4G 256 GB (RMX3871) Cep Telefonu
6.28 Ä°nÃ§,AMOLED,419 PPI,4500 mAh,50 MP,4 nm,Android,8 GB,256 GB,Var,120 Hz,Xiaomi 12,Infinix Hot 50 Pro+ (X6880) Cep Telefonu
6.1 Ä°nÃ§,OLED,460 PPI,3227 mAh,12 MP,5 nm,iOS,4 GB,256 GB,Var,60 Hz,Apple iPhone 13,Tecno Pova 5 Pro Cep Telefonu
6.67 Ä°nÃ§,AMOLED,446 PPI,5110 mAh,50 MP,4 nm,Android,12 GB,512 GB,Var,120 Hz,Poco X7,Vivo V40 Lite Cep Telefonu
6.4 Ä°nÃ§,Dynamic AMOLED,401 PPI,4500 mAh,12 MP,5 nm,Android,8 GB,256 GB,Var,120 Hz,Samsung Galaxy S21 FE 5G,Infinix Note 30 256 GB (X6833B) Cep Telefonu
6.78 Ä°nÃ§,AMOLED,393 PPI,5000 mAh,50 MP,4 nm,Android,12 GB,512 GB,Var,144 Hz,Tecno Camon 30 Pro,Tecno Pova 5 (LH7n) Cep Telefonu
5.4 Ä°nÃ§,OLED,476 PPI,2425 mAh,12 MP,5 nm,iOS,4 GB,512 GB,Var,60 Hz,Apple iPhone 13 mini,Tecno Spark 20 Pro 8 GB (KJ6) Cep Telefonu
6.1 Ä°nÃ§,OLED,460 PPI,3279 mAh,12 MP,5 nm,iOS,6 GB,128 GB,Var,60 Hz,Apple iPhone 14,OnePlus Nord CE 3 Lite (CPH2465) Cep Telefonu
6.78 Ä°nÃ§,AMOLED,452 PPI,5000 mAh,50 MP,4 nm,Android,12 GB,512 GB,Var,120 Hz,Vivo V30,General Mobile GM 24 Pro (G514) Cep Telefonu
6.67 Ä°nÃ§,AMOLED,446 PPI,5100 mAh,200 MP,4 nm,Android,12 GB,512 GB,Var,120 Hz,Redmi Note 13 Pro 5G,Vivo V30 Lite Cep Telefonu
6.2 Ä°nÃ§,Dynamic AMOLED,421 PPI,4000 mAh,12 MP,5 nm,Android,8 GB,128 GB,Var,120 Hz,Samsung Galaxy S21 5G,Redmi Note 12S Cep Telefonu
6.7 Ä°nÃ§,AMOLED,394 PPI,5000 mAh,50 MP,4 nm,Android,12 GB,512 GB,Var,120 Hz,realme 12 Pro+,realme 11 4G 256 GB (RMX3636) Cep Telefonu
6.4 Ä°nÃ§,Dynamic AMOLED,522 PPI,4100 mAh,12 MP,8 nm,Android,8 GB,512 GB,Var,60 Hz,Samsung Galaxy S10+ Plus,Infinix Hot 40 Pro 256 GB (X6837) Cep Telefonu
6.81 Ä°nÃ§,AMOLED,515 PPI,4600 mAh,108 MP,5 nm,Android,8 GB,256 GB,Var,120 Hz,Xiaomi Mi 11,Infinix Note 30 128 GB (X6833B) Cep Telefonu
6.1 Ä°nÃ§,OLED,460 PPI,2815 mAh,12 MP,5 nm,iOS,6 GB,128 GB,Var,60 Hz,Apple iPhone 12 Pro,Tecno Camon 20 (CK6n) Cep Telefonu
6.7 Ä°nÃ§,Dynamic AMOLED,525 PPI,4500 mAh,12 MP,7 nm,Android,8 GB,128 GB,Var,120 Hz,Samsung Galaxy S20+ Plus,Samsung Galaxy A16 8 GB / 256 GB Cep Telefonu
6.78 Ä°nÃ§,AMOLED,513 PPI,4510 mAh,48 MP,7 nm,Android,8 GB,128 GB,Var,120 Hz,OnePlus 8 Pro,Samsung Galaxy A15 8 GB / 256 GB Cep Telefonu
6.7 Ä°nÃ§,Dynamic AMOLED,525 PPI,4500 mAh,12 MP,7 nm,Android,8 GB,128 GB,Var,120 Hz,Samsung Galaxy S20+ Plus BTS Edition,Samsung Galaxy M15 5G (SM-M156B) Cep Telefonu
6.67 Ä°nÃ§,AMOLED,394 PPI,5000 mAh,64 MP,4 nm,Android,12 GB,256 GB,Var,120 Hz,Poco F5,realme C75 256 GB Cep Telefonu
5.4 Ä°nÃ§,OLED,476 PPI,2425 mAh,12 MP,5 nm,iOS,4 GB,256 GB,Var,60 Hz,Apple iPhone 13 mini,Vivo Y29 (V2434) Cep Telefonu
6.5 Ä°nÃ§,OLED,424 PPI,4600 mAh,50 MP,5 nm,Android,8 GB,512 GB,Var,120 Hz,Huawei Mate Xs 2,Redmi Note 12 8 GB Cep Telefonu
6.76 Ä°nÃ§,OLED,449 PPI,5000 mAh,50 MP,7 nm,Android,12 GB,512 GB,Var,120 Hz,Huawei Nova 13 Pro,realme 11 4G 128 GB (RMX3636) Cep Telefonu
6.4 Ä°nÃ§,Dynamic AMOLED,401 PPI,4500 mAh,12 MP,5 nm,Android,8 GB,128 GB,Var,120 Hz,Samsung Galaxy S21 FE 5G,Infinix Hot 40 Pro 128 GB Cep Telefonu
6.7 Ä°nÃ§,Dynamic AMOLED,425 PPI,3700 mAh,12 MP,4 nm,Android,8 GB,128 GB,Var,120 Hz,Samsung Galaxy Z Flip4,Tecno Spark 30 256 GB (KL6) Cep Telefonu
6.67 Ä°nÃ§,AMOLED,395 PPI,4700 mAh,64 MP,4 nm,Android,12 GB,256 GB,Var,120 Hz,Poco F4 GT,Samsung Galaxy A24 (SM-A245F) Cep Telefonu
6.7 Ä°nÃ§,AMOLED,526 PPI,5000 mAh,50 MP,4 nm,Android,8 GB,128 GB,Var,120 Hz,realme GT 2 Pro,Huawei Nova 12 SE (BNE-LX1) Cep Telefonu
6.1 Ä°nÃ§,OLED,460 PPI,3227 mAh,12 MP,5 nm,iOS,4 GB,128 GB,Var,60 Hz,Apple iPhone 13,Redmi Note 12 6 GB Cep Telefonu
6.4 Ä°nÃ§,Dynamic AMOLED,401 PPI,4500 mAh,12 MP,5 nm,Android,8 GB,128 GB,Var,120 Hz,Samsung Galaxy S21 FE 5G,realme 12 Lite 8 GB / 256 GB Cep Telefonu
6.78 Ä°nÃ§,AMOLED,452 PPI,5000 mAh,50 MP,4 nm,Android,12 GB,256 GB,Var,120 Hz,Vivo V30,realme C75 (RMX3941) Cep Telefonu
6.7 Ä°nÃ§,OLED,513 PPI,4200 mAh,48 MP,7 nm,Android,12 GB,256 GB,Var,120 Hz,Oppo Find X2,Samsung Galaxy M14 5G 128 GB (SM-M146B) Cep Telefonu
6.67 Ä°nÃ§,AMOLED,446 PPI,5100 mAh,200 MP,4 nm,Android,12 GB,256 GB,Var,120 Hz,Redmi Note 13 Pro 5G,Vivo Y36 256 GB Cep Telefonu
6.7 Ä°nÃ§,AMOLED,435 PPI,5200 mAh,50 MP,4 nm,Android,8 GB,256 GB,Var,120 Hz,Honor 200,Samsung Galaxy A16 6 GB / 128 GB Cep Telefonu
6.5 Ä°nÃ§,Super AMOLED,407 PPI,4500 mAh,12 MP,7 nm,Android,8 GB,256 GB,Var,120 Hz,Samsung Galaxy S20 FE,Samsung Galaxy A15 6 GB / 128 GB Cep Telefonu
6.7 Ä°nÃ§,AMOLED,394 PPI,5000 mAh,50 MP,4 nm,Android,12 GB,256 GB,Var,120 Hz,Nothing Phone,Omix X7 Cep Telefonu
6.67 Ä°nÃ§,AMOLED,395 PPI,5000 mAh,108 MP,5 nm,Android,12 GB,256 GB,Var,120 Hz,Xiaomi 11T Pro,Infinix Hot 30 8 GB / 256 GB (X6831) Cep Telefonu
6.7 Ä°nÃ§,Super AMOLED,385 PPI,5000 mAh,50 MP,4 nm,Android,8 GB,256 GB,Var,120 Hz,Samsung Galaxy A56 5G,Vivo Y28 256 GB Cep Telefonu
6.5 Ä°nÃ§,Super AMOLED,407 PPI,4500 mAh,12 MP,7 nm,Android,8 GB,256 GB,Var,120 Hz,Samsung Galaxy S20 FE,Casper VIA A40 Cep Telefonu
6.2 Ä°nÃ§,Dynamic AMOLED,563 PPI,4000 mAh,12 MP,7 nm,Android,8 GB,128 GB,Var,120 Hz,Samsung Galaxy S20,Redmi 13 Cep Telefonu
6.67 Ä°nÃ§,AMOLED,446 PPI,5100 mAh,64 MP,4 nm,Android,12 GB,512 GB,Var,120 Hz,Poco X6 5G,Tecno Spark 30 128 GB (KL6) Cep Telefonu
6.8 Ä°nÃ§,AMOLED,387 PPI,5160 mAh,50 MP,4 nm,Android,12 GB,256 GB,Var,120 Hz,Tecno Phantom X2 Pro,Samsung Galaxy A16 4 GB / 128 GB (SM-A165F) Cep Telefonu
6.81 Ä°nÃ§,AMOLED,515 PPI,4600 mAh,108 MP,5 nm,Android,8 GB,128 GB,Var,120 Hz,Xiaomi Mi 11,Samsung Galaxy A15 4 GB / 128 GB (SM-A155F) Cep Telefonu
6.76 Ä°nÃ§,OLED,449 PPI,5000 mAh,50 MP,7 nm,Android,12 GB,256 GB,Var,120 Hz,Huawei Nova 13 Pro,Oppo A60 256 GB (CPH2631) Cep Telefonu
6.67 Ä°nÃ§,AMOLED,446 PPI,5110 mAh,50 MP,4 nm,Android,8 GB,256 GB,Var,120 Hz,Poco X7,Tecno Spark 20 256 GB (KJ5n) Cep Telefonu
6.1 Ä°nÃ§,OLED,460 PPI,2815 mAh,12 MP,5 nm,iOS,4 GB,256 GB,Var,60 Hz,Apple iPhone 12,Huawei Nova Y91 (STG-LX1) Cep Telefonu
5.4 Ä°nÃ§,OLED,476 PPI,2425 mAh,12 MP,5 nm,iOS,4 GB,128 GB,Var,60 Hz,Apple iPhone 13 mini,Tecno Spark 10 Pro 256 GB Cep Telefonu
6.6 Ä°nÃ§,Super AMOLED,390 PPI,5000 mAh,50 MP,4 nm,Android,8 GB,256 GB,Var,120 Hz,Samsung Galaxy A55 5G,Vivo Y36 128 GB Cep Telefonu
6.67 Ä°nÃ§,AMOLED,394 PPI,5800 mAh,50 MP,4 nm,Android,12 GB,256 GB,Var,120 Hz,Oppo Reno13 F 5G,Redmi 12 8 GB / 256 GB Cep Telefonu
6.62 Ä°nÃ§,AMOLED,398 PPI,5000 mAh,50 MP,5 nm,Android,12 GB,256 GB,Var,120 Hz,realme GT 2,realme 12 Lite 6 GB / 128 GB (RMX3890) Cep Telefonu
6.5 Ä°nÃ§,OLED,458 PPI,3969 mAh,12 MP,7 nm,iOS,4 GB,512 GB,Var,60 Hz,Apple iPhone 11 Pro Max,Vivo Y28 128 GB Cep Telefonu
6.67 Ä°nÃ§,AMOLED,446 PPI,5100 mAh,200 MP,4 nm,Android,8 GB,256 GB,Var,120 Hz,Redmi Note 13 Pro 5G,Tecno Spark 30C 8 GB / 256 GB (KL5n) Cep Telefonu
6.67 Ä°nÃ§,AMOLED,446 PPI,5000 mAh,108 MP,5 nm,Android,8 GB,256 GB,Var,120 Hz,Xiaomi 12T,Nubia Neo 5G (8150N) Cep Telefonu
6.4 Ä°nÃ§,Dynamic AMOLED,522 PPI,4100 mAh,12 MP,8 nm,Android,8 GB,128 GB,Var,60 Hz,Samsung Galaxy S10+ Plus,realme C55 8 GB / 256 GB (RMX3710) Cep Telefonu
6.67 Ä°nÃ§,AMOLED,446 PPI,5100 mAh,64 MP,4 nm,Android,12 GB,256 GB,Var,120 Hz,Poco X6 5G,Samsung Galaxy M14 5G 64 GB Cep Telefonu
6.7 Ä°nÃ§,AMOLED,394 PPI,5000 mAh,50 MP,4 nm,Android,8 GB,256 GB,Var,120 Hz,realme 12 Pro+,Oppo A60 128 GB (CPH2631) Cep Telefonu
6.2 Ä°nÃ§,Super AMOLED,386 PPI,4500 mAh,12 MP,7 nm,Android,12 GB,256 GB,Var,120 Hz,Samsung Galaxy Z Fold2,Tecno Spark 20 128 GB (KJ5n) Cep Telefonu
5.4 Ä°nÃ§,OLED,476 PPI,2227 mAh,12 MP,5 nm,iOS,4 GB,256 GB,Var,60 Hz,Apple iPhone 12 mini,Tecno Spark 10 Pro 128 GB Cep Telefonu
6.67 Ä°nÃ§,AMOLED,395 PPI,5000 mAh,108 MP,5 nm,Android,8 GB,256 GB,Var,120 Hz,Xiaomi 11T Pro,Redmi 12 8 GB / 128 GB Cep Telefonu
6.7 Ä°nÃ§,Super AMOLED,385 PPI,5000 mAh,50 MP,4 nm,Android,8 GB,128 GB,Var,120 Hz,Samsung Galaxy A56 5G,Vivo Y19s 8 GB / 256 GB Cep Telefonu
6.78 Ä°nÃ§,AMOLED,437 PPI,6600 mAh,108 MP,4 nm,Android,8 GB,512 GB,Var,120 Hz,Honor Magic7 Lite,Nubia V50 Design Cep Telefonu
6.7 Ä°nÃ§,AMOLED,435 PPI,5000 mAh,200 MP,4 nm,Android,12 GB,512 GB,Var,120 Hz,Honor 90,Poco C65 Cep Telefonu
6.78 Ä°nÃ§,AMOLED,388 PPI,5000 mAh,108 MP,6 nm,Android,8 GB,256 GB,Var,144 Hz,Infinix Zero 30 5G,Infinix Hot 50i 6 GB / 128 GB (X6531B) Cep Telefonu
6.7 Ä°nÃ§,AMOLED,394 PPI,5000 mAh,200 MP,6 nm,Android,12 GB,1 TB,Var,120 Hz,realme 11 Pro+,realme C55 6 GB / 128 GB Cep Telefonu
6.5 Ä°nÃ§,OLED,458 PPI,3969 mAh,12 MP,7 nm,iOS,4 GB,256 GB,Var,60 Hz,Apple iPhone 11 Pro Max,Redmi 12 Cep Telefonu
6.7 Ä°nÃ§,Super AMOLED,385 PPI,5000 mAh,50 MP,4 nm,Android,8 GB,256 GB,Var,120 Hz,Samsung Galaxy A36 5G,realme C63 8 GB / 256 GB (RMX3939) Cep Telefonu
6.5 Ä°nÃ§,Super AMOLED,407 PPI,4500 mAh,12 MP,7 nm,Android,6 GB,128 GB,Var,120 Hz,Samsung Galaxy S20 FE,Huawei Nova 12i (CTR-L81) Cep Telefonu
6.1 Ä°nÃ§,OLED,460 PPI,2815 mAh,12 MP,5 nm,iOS,4 GB,128 GB,Var,60 Hz,Apple iPhone 12,realme C65 8 GB Cep Telefonu
6.6 Ä°nÃ§,Super AMOLED,390 PPI,5000 mAh,50 MP,4 nm,Android,8 GB,128 GB,Var,120 Hz,Samsung Galaxy A55 5G,Infinix Hot 40i (X6528B) Cep Telefonu
6.5 Ä°nÃ§,Super AMOLED,407 PPI,4500 mAh,12 MP,7 nm,Android,6 GB,128 GB,Var,120 Hz,Samsung Galaxy S20 FE,Samsung Galaxy A05s (SM-A057F) Cep Telefonu
6.7 Ä°nÃ§,AMOLED,394 PPI,5000 mAh,50 MP,4 nm,Android,12 GB,256 GB,Var,120 Hz,Nothing Phone,Redmi 13C 8 GB / 256 GB Cep Telefonu
6.7 Ä°nÃ§,Super AMOLED,393 PPI,5000 mAh,108 MP,6 nm,Android,8 GB,256 GB,Var,120 Hz,Samsung Galaxy A73 5G,Vivo Y18 8 GB / 256 GB (V2333) Cep Telefonu
6.4 Ä°nÃ§,Super AMOLED,403 PPI,5000 mAh,50 MP,5 nm,Android,8 GB,256 GB,Var,120 Hz,Samsung Galaxy A54 5G,Redmi 14C 8 GB / 256 GB Cep Telefonu
6.6 Ä°nÃ§,Super AMOLED,390 PPI,5000 mAh,50 MP,5 nm,Android,8 GB,256 GB,Var,120 Hz,Samsung Galaxy A35 5G,realme C65 6 GB (RMX3910) Cep Telefonu
6.67 Ä°nÃ§,AMOLED,395 PPI,5500 mAh,200 MP,6 nm,Android,12 GB,512 GB,Var,120 Hz,Redmi Note 14 Pro,Oppo A3 (CPH2669) Cep Telefonu
6.7 Ä°nÃ§,Super AMOLED,393 PPI,4300 mAh,12 MP,7 nm,Android,8 GB,256 GB,Var,60 Hz,Samsung Galaxy Note 20,realme C61 8 GB / 256 GB (RMX3930) Cep Telefonu
6.78 Ä°nÃ§,AMOLED,437 PPI,6600 mAh,108 MP,4 nm,Android,8 GB,256 GB,Var,120 Hz,Honor Magic7 Lite,realme C53 8 GB / 256 GB Cep Telefonu
6.8 Ä°nÃ§,AMOLED,387 PPI,5160 mAh,64 MP,4 nm,Android,8 GB,256 GB,Var,120 Hz,Tecno Phantom X2,Vivo Y18 8 GB / 128 GB (V2333) Cep Telefonu
6.1 Ä°nÃ§,Dynamic AMOLED,550 PPI,3400 mAh,12 MP,8 nm,Android,8 GB,128 GB,Var,60 Hz,Samsung Galaxy S10,Samsung Galaxy A14 128 GB Cep Telefonu
6.53 Ä°nÃ§,OLED,409 PPI,4500 mAh,40 MP,7 nm,Android,8 GB,256 GB,Var,60 Hz,Huawei Mate 30 Pro,Tecno Spark 20C 8 GB / 128 GB (BG7n) Cep Telefonu
6.7 Ä°nÃ§,Dynamic AMOLED,425 PPI,3300 mAh,12 MP,5 nm,Android,8 GB,128 GB,Var,120 Hz,Samsung Galaxy Z Flip3 5G,Redmi 13C 6 GB / 128 GB Cep Telefonu
6.67 Ä°nÃ§,AMOLED,446 PPI,5100 mAh,200 MP,4 nm,Android,8 GB,128 GB,Var,120 Hz,Redmi Note 13 Pro 5G,Tecno Spark 10 8 GB (KI5q) Cep Telefonu
5.8 Ä°nÃ§,OLED,458 PPI,3046 mAh,12 MP,7 nm,iOS,4 GB,512 GB,Var,60 Hz,Apple iPhone 11 Pro,Oppo A38 (CPH2579) Cep Telefonu
6.3 Ä°nÃ§,Dynamic AMOLED,401 PPI,3500 mAh,12 MP,7 nm,Android,8 GB,256 GB,Var,60 Hz,Samsung Galaxy Note 10,Redmi 14C 6 GB / 128 GB Cep Telefonu
6.67 Ä°nÃ§,AMOLED,446 PPI,5000 mAh,108 MP,5 nm,Android,8 GB,128 GB,Var,120 Hz,Xiaomi 12T,Vivo Y17s 6 GB Cep Telefonu
6.7 Ä°nÃ§,AMOLED,394 PPI,5000 mAh,50 MP,4 nm,Android,8 GB,256 GB,Var,120 Hz,realme 12 Pro,realme C61 6 GB / 128 GB (RMX3930) Cep Telefonu
6.67 Ä°nÃ§,AMOLED,395 PPI,5000 mAh,50 MP,6 nm,Android,8 GB,512 GB,Var,120 Hz,Tecno Camon 20 Premier 5G,Tecno Spark 10 4 GB (KI5q) Cep Telefonu
5.4 Ä°nÃ§,OLED,476 PPI,2227 mAh,12 MP,5 nm,iOS,4 GB,128 GB,Var,60 Hz,Apple iPhone 12 mini,Vivo Y17s 4 GB Cep Telefonu
6.78 Ä°nÃ§,AMOLED,453 PPI,4600 mAh,50 MP,6 nm,Android,8 GB,256 GB,Var,120 Hz,Vivo V29 5G,Tecno Spark 10C (KI5k) Cep Telefonu
6.67 Ä°nÃ§,AMOLED,394 PPI,5000 mAh,200 MP,6 nm,Android,12 GB,512 GB,Var,120 Hz,Redmi Note 14S,Samsung Galaxy A14 64 GB (SM-A145F) Cep Telefonu
6.7 Ä°nÃ§,Super AMOLED,385 PPI,5000 mAh,50 MP,4 nm,Android,8 GB,128 GB,Var,120 Hz,Samsung Galaxy A36 5G,Samsung Galaxy A05 128 GB Cep Telefonu
6.67 Ä°nÃ§,AMOLED,395 PPI,5000 mAh,200 MP,6 nm,Android,12 GB,512 GB,Var,120 Hz,Redmi Note 13 Pro,Infinix Smart 8 Pro 8 GB Cep Telefonu
6.67 Ä°nÃ§,AMOLED,386 PPI,4780 mAh,108 MP,7 nm,Android,8 GB,256 GB,Var,90 Hz,Xiaomi Mi 10,Infinix Hot 30i (X669) Cep Telefonu
6.6 Ä°nÃ§,Super AMOLED,390 PPI,5000 mAh,48 MP,6 nm,Android,8 GB,256 GB,Var,120 Hz,Samsung Galaxy A34 5G,Infinix Hot 30i 4 GB / 128 GB Cep Telefonu
6.7 Ä°nÃ§,AMOLED,394 PPI,5000 mAh,64 MP,6 nm,Android,8 GB,256 GB,Var,120 Hz,Oppo Reno11 F 5G,General Mobile GM 23 (G316) Cep Telefonu
6.7 Ä°nÃ§,AMOLED,394 PPI,5000 mAh,200 MP,6 nm,Android,12 GB,512 GB,Var,120 Hz,realme 11 Pro+,Samsung Galaxy A05 64 GB (SM-A055F) Cep Telefonu
6.55 Ä°nÃ§,AMOLED,402 PPI,4500 mAh,48 MP,5 nm,Android,8 GB,128 GB,Var,120 Hz,OnePlus 9,Redmi 12C 128 GB Cep Telefonu
5.8 Ä°nÃ§,OLED,458 PPI,3046 mAh,12 MP,7 nm,iOS,4 GB,256 GB,Var,60 Hz,Apple iPhone 11 Pro,Infinix Hot 30i 4 GB / 64 GB (X669C) Cep Telefonu
6.62 Ä°nÃ§,AMOLED,398 PPI,5000 mAh,50 MP,5 nm,Android,8 GB,128 GB,Var,120 Hz,realme GT 2,Honor 400 Pro (DNP-NX9) Cep Telefonu
6.9 Ä°nÃ§,OLED,442 PPI,4000 mAh,40 MP,5 nm,Android,8 GB,256 GB,Var,120 Hz,Huawei P50 Pocket,Honor 400 8 GB (DNY-NX9) Cep Telefonu
6.7 Ä°nÃ§,Super AMOLED,393 PPI,5000 mAh,108 MP,6 nm,Android,8 GB,128 GB,Var,120 Hz,Samsung Galaxy A73 5G,Honor 400 12 GB (DNY-NX9) Cep Telefonu
6.4 Ä°nÃ§,Super AMOLED,403 PPI,5000 mAh,50 MP,5 nm,Android,8 GB,128 GB,Var,120 Hz,Samsung Galaxy A54 5G,Samsung Galaxy S25 Edge 512 GB (SM-S937B) Cep Telefonu
6.6 Ä°nÃ§,Super AMOLED,390 PPI,5000 mAh,50 MP,5 nm,Android,8 GB,128 GB,Var,120 Hz,Samsung Galaxy A35 5G,Samsung Galaxy S25 Edge (SM-S937B) Cep Telefonu
6.9 Ä°nÃ§,AMOLED,413 PPI,4720 mAh,50 MP,6 nm,Android,8 GB,256 GB,Var,120 Hz,Tecno Phantom V Flip2,Infinix Hot 50 8 GB / 256 GB Cep Telefonu
6.67 Ä°nÃ§,AMOLED,394 PPI,5000 mAh,64 MP,6 nm,Android,12 GB,512 GB,Var,120 Hz,Poco M6 Pro,Oppo A5 Pro Cep Telefonu
6.67 Ä°nÃ§,AMOLED,395 PPI,4500 mAh,64 MP,7 nm,Android,8 GB,256 GB,Var,120 Hz,Poco F4,Infinix Hot 50 6 GB / 256 GB Cep Telefonu
6.67 Ä°nÃ§,AMOLED,395 PPI,5000 mAh,108 MP,6 nm,Android,8 GB,256 GB,Var,120 Hz,Xiaomi 11T,Infinix Hot 50 8 GB / 128 GB (X6882) Cep Telefonu
6.7 Ä°nÃ§,Super AMOLED,393 PPI,5000 mAh,64 MP,8 nm,Android,8 GB,256 GB,Var,90 Hz,Samsung Galaxy A72,General Mobile Era 50 256 GB Cep Telefonu
6.78 Ä°nÃ§,AMOLED,393 PPI,6000 mAh,108 MP,6 nm,Android,12 GB,256 GB,Var,120 Hz,Tecno Pova 6 Pro,General Mobile Era 50 128 GB Cep Telefonu
6.5 Ä°nÃ§,Super AMOLED,407 PPI,4500 mAh,64 MP,6 nm,Android,8 GB,128 GB,Var,120 Hz,Samsung Galaxy A52s 5G,Mipo M59 Cep Telefonu
6.1 Ä°nÃ§,OLED,460 PPI,2815 mAh,12 MP,5 nm,iOS,4 GB,64 GB,Var,60 Hz,Apple iPhone 12,ZTE nubia Focus 5G Cep Telefonu
6.67 Ä°nÃ§,AMOLED,395 PPI,5000 mAh,200 MP,6 nm,Android,8 GB,256 GB,Var,120 Hz,Redmi Note 12 Pro+ 5G,Ovion V20 Pro Cep Telefonu
6.5 Ä°nÃ§,Super AMOLED,407 PPI,5000 mAh,64 MP,5 nm,Android,8 GB,128 GB,Var,120 Hz,Samsung Galaxy A53 5G,Reeder S19 Max Pro S Edge Cep Telefonu
6.78 Ä°nÃ§,AMOLED,393 PPI,5000 mAh,50 MP,6 nm,Android,12 GB,512 GB,Var,120 Hz,Tecno Camon 30 5G,Casper VIA X40 Cep Telefonu
6.62 Ä°nÃ§,AMOLED,398 PPI,5000 mAh,64 MP,7 nm,Android,12 GB,256 GB,Var,120 Hz,realme GT Neo 2,Infinix Note 12 Pro 4G Cep Telefonu
6.47 Ä°nÃ§,OLED,398 PPI,4200 mAh,40 MP,7 nm,Android,8 GB,256 GB,Var,60 Hz,Huawei P30 Pro,Redmi 13C 5G 4 GB Cep Telefonu
6.67 Ä°nÃ§,AMOLED,395 PPI,5500 mAh,200 MP,6 nm,Android,8 GB,256 GB,Var,120 Hz,Redmi Note 14 Pro,Mipo M33 Cep Telefonu
6.67 Ä°nÃ§,AMOLED,386 PPI,4780 mAh,108 MP,7 nm,Android,8 GB,128 GB,Var,90 Hz,Xiaomi Mi 10,Reeder S23 Pro Max 8 GB / 512 GB Cep Telefonu
6.6 Ä°nÃ§,Super AMOLED,390 PPI,5000 mAh,48 MP,6 nm,Android,8 GB,128 GB,Var,120 Hz,Samsung Galaxy A34 5G,Hiking A30 Cep Telefonu
6.67 Ä°nÃ§,AMOLED,395 PPI,5000 mAh,50 MP,6 nm,Android,8 GB,256 GB,Var,120 Hz,realme 12+,Xiaomi 13 Ultra 12 GB / 256 GB Cep Telefonu
6.7 Ä°nÃ§,Super AMOLED,385 PPI,5000 mAh,50 MP,5 nm,Android,8 GB,256 GB,Var,120 Hz,Samsung Galaxy A26 5G,Casper VIA X30 Plus Cep Telefonu
6.55 Ä°nÃ§,AMOLED,402 PPI,4500 mAh,50 MP,6 nm,Android,8 GB,256 GB,Var,120 Hz,Nothing Phone,Casper VIA X30 Cep Telefonu
6.67 Ä°nÃ§,AMOLED,394 PPI,5110 mAh,50 MP,6 nm,Android,12 GB,256 GB,Var,120 Hz,Poco M7 Pro 5G,Hiking A42 Cep Telefonu
6.7 Ä°nÃ§,AMOLED,394 PPI,5000 mAh,50 MP,4 nm,Android,8 GB,128 GB,Var,120 Hz,Nothing Phone,Trident A55 Cep Telefonu
