Model,Display Size,Display Technology,Pixel Density,Battery Capacity,Camera Resolution,CPU Manufacturing,Operating System,RAM,Internal Storage,Refresh Rate,5G,Price,Waterproof,Dustproof,ProductID
Xiaomi 15 Ultra 16 GB RAM 512 GB,6.73,AMOLED,522.0,5410,50,3,Android,16,512,120.0,1,72999,8,6,966543
Honor Magic7 Pro 12 GB RAM 512 GB,6.8,OLED,453.0,5850,50,3,Android,12,512,120.0,1,52999,9,6,968786
Vivo X200 Pro 16 GB RAM 512 GB,6.78,AMOLED,452.0,6000,50,3,Android,16,512,120.0,1,64999,9,6,960937
Apple iPhone 16 Pro Max 8 GB RAM 1024 GB,6.9,OLED,460.0,4685,48,3,iOS,8,1024,120.0,1,118989,8,6,960862
Xiaomi 15 12 GB RAM 512 GB,6.36,AMOLED,460.0,5240,50,3,Android,12,512,120.0,1,49598,8,6,997423
Samsung Galaxy S25 Ultra 12 GB RAM 1024 GB,6.9,Dynamic AMOLED,498.0,5000,200,3,Android,12,1024,120.0,1,81999,8,6,989052
Apple iPhone 16 Pro Max 8 GB RAM 512 GB,6.9,OLED,460.0,4685,48,3,iOS,8,512,120.0,1,96999,8,6,960861
Apple iPhone 16 Pro 8 GB RAM 1024 GB,6.3,OLED,460.0,3582,48,3,iOS,8,1024,120.0,1,95999,8,6,960860
Apple iPhone 16 Pro Max 8 GB RAM 256 GB,6.9,OLED,460.0,4685,48,3,iOS,8,256,120.0,1,86999,8,6,952387
Poco F7 Ultra 16 GB RAM 512 GB,6.67,AMOLED,526.0,5300,50,3,Android,16,512,120.0,1,49999,8,6,999305
Xiaomi 14 Ultra 16 GB RAM 512 GB,6.73,AMOLED,522.0,5000,50,4,Android,16,512,120.0,1,64899,8,6,923849
Samsung Galaxy S25 Ultra 12 GB RAM 256 GB,6.9,Dynamic AMOLED,498.0,5000,200,3,Android,12,256,120.0,1,69138,8,6,939167
Nubia Red Magic 10 Pro 24 GB RAM 1024 GB,6.85,AMOLED,431.0,7050,50,3,Android,24,1024,144.0,1,75299,0,0,990388
Apple iPhone 16 Pro 8 GB RAM 512 GB,6.3,OLED,460.0,3582,48,3,iOS,8,512,120.0,1,89999,8,6,960859
Samsung Galaxy S25+ 12 GB RAM 512 GB,6.7,Dynamic AMOLED,513.0,4900,50,3,Android,12,512,120.0,1,58032,8,6,1001247
Apple iPhone 15 Pro Max 8 GB RAM 1024 GB,6.7,OLED,460.0,4441,48,3,iOS,8,1024,120.0,1,103154,8,6,895854
Apple iPhone 16 Pro 8 GB RAM 256 GB,6.3,OLED,460.0,3582,48,3,iOS,8,256,120.0,1,77999,8,6,960858
Samsung Galaxy S25+ 12 GB RAM 256 GB,6.7,Dynamic AMOLED,513.0,4900,50,3,Android,12,256,120.0,1,49850,8,6,986720
Honor Magic6 Pro 12 GB RAM 512 GB,6.8,OLED,453.0,5600,50,4,Android,12,512,120.0,1,74999,8,6,919068
Samsung Galaxy S24 Ultra 12 GB RAM 1024 GB,6.8,Dynamic AMOLED,505.0,5000,200,4,Android,12,1024,120.0,1,73125,8,6,920039
realme GT7 Pro 12 GB RAM 512 GB,6.78,OLED,450.0,6500,50,3,Android,12,512,120.0,1,53009,9,6,968598
Honor Magic V3 12 GB RAM 512 GB,6.43,OLED,405.0,5150,50,4,Android,12,512,120.0,1,71550,8,0,949523
Xiaomi 14T Pro 12 GB RAM 1024 GB,6.67,AMOLED,446.0,5000,50,4,Android,12,1024,144.0,1,37999,8,6,963408
Vivo X100 Pro 16 GB RAM 512 GB,6.78,AMOLED,452.0,5400,50,4,Android,16,512,120.0,1,59499,8,6,904175
Apple iPhone 15 Pro Max 8 GB RAM 512 GB,6.7,OLED,460.0,4441,48,3,iOS,8,512,120.0,1,98229,8,6,895853
Apple iPhone 16 Pro 8 GB RAM 128 GB,6.3,OLED,460.0,3582,48,3,iOS,8,128,120.0,1,73999,8,6,952452
Apple iPhone 15 Pro 8 GB RAM 1024 GB,6.1,OLED,460.0,3274,48,3,iOS,8,1024,120.0,1,94999,8,6,895857
Apple iPhone 15 Pro Max 8 GB RAM 256 GB,6.7,OLED,460.0,4441,48,3,iOS,8,256,120.0,1,83683,8,6,894486
Xiaomi 14 12 GB RAM 512 GB,6.36,AMOLED,460.0,4610,50,4,Android,12,512,120.0,1,42389,8,6,902114
Samsung Galaxy S24 Ultra 12 GB RAM 512 GB,6.8,Dynamic AMOLED,505.0,5000,200,4,Android,12,512,120.0,1,63889,8,6,920038
Xiaomi 14T Pro 12 GB RAM 512 GB,6.67,AMOLED,446.0,5000,50,4,Android,12,512,144.0,1,32599,8,6,963407
Samsung Galaxy S25 12 GB RAM 256 GB,6.2,Dynamic AMOLED,418.0,4000,50,3,Android,12,256,120.0,1,43150,8,6,989055
Apple iPhone 15 Pro 8 GB RAM 512 GB,6.1,OLED,460.0,3274,48,3,iOS,8,512,120.0,1,93425,8,6,895856
Samsung Galaxy S24 Ultra 12 GB RAM 256 GB,6.8,Dynamic AMOLED,505.0,5000,200,4,Android,12,256,120.0,1,54419,8,6,899642
Xiaomi 14T Pro 12 GB RAM 256 GB,6.67,AMOLED,446.0,5000,50,4,Android,12,256,144.0,1,33323,8,6,950949
Apple iPhone 15 Pro 8 GB RAM 256 GB,6.1,OLED,460.0,3274,48,3,iOS,8,256,120.0,1,92609,8,6,895855
Samsung Galaxy S25 12 GB RAM 128 GB,6.2,Dynamic AMOLED,418.0,4000,50,3,Android,12,128,120.0,1,41065,8,6,982344
Apple iPhone 16 Plus 8 GB RAM 512 GB,6.7,OLED,460.0,4674,48,3,iOS,8,512,60.0,1,77999,8,6,960856
Samsung Galaxy Z Fold6 12 GB RAM 1024 GB,6.3,Dynamic AMOLED,407.0,4400,50,4,Android,12,1024,120.0,1,83000,8,4,949040
Samsung Galaxy S23 Ultra 12 GB RAM 512 GB,6.8,Dynamic AMOLED,500.0,5000,200,4,Android,12,512,120.0,1,48313,8,6,849758
Apple iPhone 16 Plus 8 GB RAM 256 GB,6.7,OLED,460.0,4674,48,3,iOS,8,256,60.0,1,72314,8,6,960855
Apple iPhone 15 Pro 8 GB RAM 128 GB,6.1,OLED,460.0,3274,48,3,iOS,8,128,120.0,1,73874,8,6,886226
Samsung Galaxy S24+ 12 GB RAM 256 GB,6.7,Dynamic AMOLED,513.0,4900,50,4,Android,12,256,120.0,1,37245,8,6,899623
Honor Magic V2 16 GB RAM 512 GB,6.43,OLED,405.0,5000,50,4,Android,16,512,120.0,1,69972,0,0,885130
Apple iPhone 16 8 GB RAM 512 GB,6.1,OLED,460.0,3561,48,3,iOS,8,512,60.0,1,75999,8,6,960854
Apple iPhone 16 Plus 8 GB RAM 128 GB,6.7,OLED,460.0,4674,48,3,iOS,8,128,60.0,1,65999,8,6,959953
Samsung Galaxy Z Fold6 12 GB RAM 512 GB,6.3,Dynamic AMOLED,407.0,4400,50,4,Android,12,512,120.0,1,69715,8,4,947718
Poco F7 Pro 12 GB RAM 512 GB,6.67,AMOLED,526.0,6000,50,4,Android,12,512,120.0,1,35999,8,6,1001486
Apple iPhone 16 8 GB RAM 256 GB,6.1,OLED,460.0,3561,48,3,iOS,8,256,60.0,1,66573,8,6,960853
Samsung Galaxy S23 Ultra 8 GB RAM 256 GB,6.8,Dynamic AMOLED,500.0,5000,200,4,Android,8,256,120.0,1,43610,8,6,840975
Samsung Galaxy Z Fold6 12 GB RAM 256 GB,6.3,Dynamic AMOLED,407.0,4400,50,4,Android,12,256,120.0,1,70000,8,4,955563
realme GT 6 16 GB RAM 512 GB,6.78,AMOLED,450.0,5500,50,4,Android,16,512,120.0,1,35899,5,6,945305
OnePlus 11 16 GB RAM 256 GB,6.7,AMOLED,525.0,5000,50,4,Android,16,256,120.0,1,39300,4,6,841686
Xiaomi 14T 12 GB RAM 512 GB,6.67,AMOLED,446.0,5000,50,4,Android,12,512,144.0,1,25198,8,6,963406
Samsung Galaxy Z Fold5 12 GB RAM 1024 GB,6.2,Super AMOLED,402.0,4400,50,4,Android,12,1024,120.0,1,67000,8,0,884234
Honor 200 Pro 12 GB RAM 512 GB,6.78,AMOLED,437.0,5200,50,4,Android,12,512,120.0,1,29499,5,6,941058
Oppo Reno 13 Pro 5G 12 GB RAM 512 GB,6.83,AMOLED,450.0,5800,50,4,Android,12,512,120.0,1,38449,9,6,973688
Apple iPhone 16e 8 GB RAM 512 GB,6.1,OLED,460.0,4005,48,3,iOS,8,512,60.0,1,59999,8,6,994887
Apple iPhone 16 8 GB RAM 128 GB,6.1,OLED,460.0,3561,48,3,iOS,8,128,60.0,1,54999,8,6,959779
Xiaomi 14T 12 GB RAM 256 GB,6.67,AMOLED,446.0,5000,50,4,Android,12,256,144.0,1,26199,8,6,958540
Nubia Red Magic 9S Pro 16 GB RAM 512 GB,6.8,AMOLED,400.0,6500,50,4,Android,16,512,120.0,1,55499,0,0,963088
Huawei Pura 70 Ultra 16 GB RAM 512 GB,6.8,OLED,460.0,5200,50,7,Android,16,512,120.0,0,69999,8,6,934802
Xiaomi 13T Pro 12 GB RAM 512 GB,6.67,AMOLED,446.0,5000,50,4,Android,12,512,144.0,1,28129,8,6,890830
Poco X7 Pro 12 GB RAM 512 GB,6.67,AMOLED,446.0,6000,50,4,Android,12,512,120.0,1,21300,8,6,986894
Poco F6 Pro 16 GB RAM 1024 GB,6.67,AMOLED,526.0,5000,50,4,Android,16,1024,120.0,1,45249,3,5,940913
Samsung Galaxy Z Flip6 12 GB RAM 512 GB,6.7,Dynamic AMOLED,425.0,4000,50,4,Android,12,512,120.0,1,47285,8,4,949023
Apple iPhone 16e 8 GB RAM 256 GB,6.1,OLED,460.0,4005,48,3,iOS,8,256,60.0,1,47930,8,6,994886
Samsung Galaxy Z Fold5 12 GB RAM 512 GB,6.2,Super AMOLED,402.0,4400,50,4,Android,12,512,120.0,1,57909,8,0,884193
Samsung Galaxy S24 8 GB RAM 256 GB,6.2,Dynamic AMOLED,418.0,4000,50,4,Android,8,256,120.0,1,35150,8,6,920040
OnePlus 12R 16 GB RAM 256 GB,6.78,AMOLED,450.0,5500,50,4,Android,16,256,120.0,1,33998,4,6,920916
Xiaomi Mix Flip 12 GB RAM 512 GB,6.86,AMOLED,460.0,4780,50,4,Android,12,512,120.0,1,45279,0,0,950765
Apple iPhone 15 Plus 6 GB RAM 512 GB,6.7,OLED,460.0,4383,48,4,iOS,6,512,60.0,1,72999,8,6,895862
Huawei Mate X6 12 GB RAM 512 GB,6.45,OLED,,5110,50,7,Android,12,512,120.0,0,109999,8,0,974267
Samsung Galaxy S23+ 8 GB RAM 256 GB,6.6,Dynamic AMOLED,393.0,4700,50,4,Android,8,256,120.0,1,35280,8,6,846314
realme GT 6 12 GB RAM 256 GB,6.78,AMOLED,450.0,5500,50,4,Android,12,256,120.0,1,27241,5,6,971524
Tecno Phantom V Fold2 12 GB RAM 512 GB,6.42,AMOLED,431.0,5750,50,4,Android,12,512,120.0,1,47799,4,5,961027
Samsung Galaxy Z Flip6 12 GB RAM 256 GB,6.7,Dynamic AMOLED,425.0,4000,50,4,Android,12,256,120.0,1,45593,8,4,947563
Huawei Pura 70 Pro 12 GB RAM 512 GB,6.8,OLED,460.0,5050,50,7,Android,12,512,120.0,0,49999,8,6,934840
Samsung Galaxy Z Fold5 12 GB RAM 256 GB,6.2,Super AMOLED,402.0,4400,50,4,Android,12,256,120.0,1,57402,8,0,871836
Samsung Galaxy S24 FE 8 GB RAM 256 GB,6.7,Dynamic AMOLED,385.0,4700,50,4,Android,8,256,120.0,1,25448,8,6,963426
Apple iPhone 16e 8 GB RAM 128 GB,6.1,OLED,460.0,4005,48,3,iOS,8,128,60.0,1,40999,8,6,994885
Apple iPhone 15 Plus 6 GB RAM 256 GB,6.7,OLED,460.0,4383,48,4,iOS,6,256,60.0,1,67999,8,6,895858
Nubia Red Magic 9S Pro 12 GB RAM 256 GB,6.8,AMOLED,400.0,6500,50,4,Android,12,256,120.0,1,45499,0,0,947583
Samsung Galaxy S24 8 GB RAM 128 GB,6.2,Dynamic AMOLED,418.0,4000,50,4,Android,8,128,120.0,1,34999,8,6,899613
Apple iPhone 15 6 GB RAM 512 GB,6.1,OLED,460.0,3349,48,4,iOS,6,512,60.0,1,62999,8,6,895867
Samsung Galaxy S23 8 GB RAM 256 GB,6.1,Dynamic AMOLED,425.0,3900,50,4,Android,8,256,120.0,1,36766,8,6,849760
Huawei P60 Pro 8 GB RAM 256 GB,6.67,OLED,444.0,4815,48,4,Android,8,256,120.0,0,39999,8,6,858968
Samsung Galaxy S24 FE 8 GB RAM 128 GB,6.7,Dynamic AMOLED,385.0,4700,50,4,Android,8,128,120.0,1,23836,8,6,944934
Poco F6 Pro 12 GB RAM 512 GB,6.67,AMOLED,526.0,5000,50,4,Android,12,512,120.0,1,36999,3,5,940912
Apple iPhone 15 Plus 6 GB RAM 128 GB,6.7,OLED,460.0,4383,48,4,iOS,6,128,60.0,1,58999,8,6,894506
Apple iPhone 15 6 GB RAM 256 GB,6.1,OLED,460.0,3349,48,4,iOS,6,256,60.0,1,54999,8,6,895863
realme GT 6T 12 GB RAM 256 GB,6.78,AMOLED,450.0,5500,50,4,Android,12,256,120.0,1,27399,5,5,940647
Poco F6 12 GB RAM 512 GB,6.67,AMOLED,446.0,5000,50,4,Android,12,512,120.0,1,20168,4,6,940908
Samsung Galaxy S23 8 GB RAM 128 GB,6.1,Dynamic AMOLED,425.0,3900,50,4,Android,8,128,120.0,1,32670,8,6,845148
Poco F5 Pro 12 GB RAM 512 GB,6.67,AMOLED,526.0,5160,64,4,Android,12,512,120.0,1,29999,3,5,873950
Huawei Pura 70 12 GB RAM 256 GB,6.6,OLED,460.0,4900,50,7,Android,12,256,120.0,0,37999,8,6,934779
Xiaomi 13T 12 GB RAM 256 GB,6.67,AMOLED,446.0,5000,50,4,Android,12,256,144.0,1,21631,8,6,892246
Apple iPhone 15 6 GB RAM 128 GB,6.1,OLED,460.0,3349,48,4,iOS,6,128,60.0,1,44000,8,6,886210
Samsung Galaxy Z Flip5 8 GB RAM 512 GB,6.7,Dynamic AMOLED,425.0,3700,12,4,Android,8,512,120.0,1,40095,8,0,884226
Poco X6 Pro 12 GB RAM 512 GB,6.67,AMOLED,446.0,5000,64,4,Android,12,512,120.0,1,18875,4,5,919029
Samsung Galaxy Z Flip 5 8 GB RAM 256 GB,6.7,Dynamic AMOLED,425.0,3700,12,4,Android,8,256,120.0,1,43929,8,0,871839
Vivo V50 5G 12 GB RAM 256 GB,6.77,AMOLED,387.0,6000,50,4,Android,12,256,120.0,1,28999,9,6,993997
Redmi Note 14 Pro+ 12 GB RAM 512 GB,6.67,AMOLED,446.0,5110,200,4,Android,12,512,120.0,1,22791,8,6,987058
Samsung Galaxy S23 FE 8 GB RAM 256 GB,6.4,Dynamic AMOLED,403.0,4500,50,4,Android,8,256,120.0,1,25992,8,6,899244
OnePlus Nord 3 16 GB RAM 256 GB,6.74,AMOLED,450.0,5000,50,4,Android,16,256,120.0,1,24249,4,5,872854
Vivo V40 12 GB RAM 256 GB,6.78,AMOLED,452.0,5500,50,4,Android,12,256,120.0,1,25999,8,6,945237
Redmi Note 13 Pro+ 5G 12 GB RAM 512 GB,6.67,AMOLED,446.0,5000,200,4,Android,12,512,120.0,1,17399,8,6,894903
Honor 200 12 GB RAM 512 GB,6.7,AMOLED,435.0,5200,50,4,Android,12,512,120.0,1,18499,4,5,941065
Redmi Note 14 Pro 5G 12 GB RAM 512 GB,6.67,AMOLED,446.0,5110,200,4,Android,12,512,120.0,1,19989,0,0,987127
Samsung Galaxy S23 FE 8 GB RAM 128 GB,6.4,Dynamic AMOLED,403.0,4500,50,4,Android,8,128,120.0,1,22560,8,6,872682
Poco X7 12 GB RAM 512 GB,6.67,AMOLED,446.0,5110,50,4,Android,12,512,120.0,1,16799,8,6,986893
Tecno Camon 30 Pro 12 GB RAM 512 GB,6.78,AMOLED,393.0,5000,50,4,Android,12,512,144.0,1,21749,8,6,926315
Vivo V30 12 GB RAM 512 GB,6.78,AMOLED,452.0,5000,50,4,Android,12,512,120.0,1,23999,0,0,930734
Redmi Note 13 Pro 5G 12 GB RAM 512 GB,6.67,AMOLED,446.0,5100,200,4,Android,12,512,120.0,1,20199,4,5,894931
realme 12 Pro+ 12 GB RAM 512 GB,6.7,AMOLED,394.0,5000,50,4,Android,12,512,120.0,1,19748,4,5,942114
Vivo V30 12 GB RAM 256 GB,6.78,AMOLED,452.0,5000,50,4,Android,12,256,120.0,1,22999,5,6,922717
Redmi Note 13 Pro 5G 12 GB RAM 256 GB,6.67,AMOLED,446.0,5100,200,4,Android,12,256,120.0,1,17434,4,5,937597
Honor 200 8 GB RAM 256 GB,6.7,AMOLED,435.0,5200,50,4,Android,8,256,120.0,1,16937,4,5,969507
Nothing Phone 12 GB RAM 256 GB,6.7,AMOLED,394.0,5000,50,4,Android,12,256,120.0,1,22499,0,0,953612
Samsung Galaxy A56 5G 8 GB RAM 256 GB,6.7,Super AMOLED,385.0,5000,50,4,Android,8,256,120.0,1,19045,4,5,968448
Poco X6 5G 12 GB RAM 512 GB,6.67,AMOLED,446.0,5100,64,4,Android,12,512,120.0,1,20749,7,6,951882
Huawei Nova 13 Pro 12 GB RAM 256 GB,6.76,OLED,449.0,5000,50,7,Android,12,256,120.0,0,27509,4,5,1006492
Poco X7 8 GB RAM 256 GB,6.67,AMOLED,446.0,5110,50,4,Android,8,256,120.0,1,15821,0,0,977394
Samsung Galaxy A55 5G 8 GB RAM 256 GB,6.6,Super AMOLED,390.0,5000,50,4,Android,8,256,120.0,1,18499,8,6,931661
Oppo Reno13 F 5G 12 GB RAM 256 GB,6.67,AMOLED,394.0,5800,50,4,Android,12,256,120.0,1,19399,7,6,988496
Redmi Note 13 Pro 5G 8 GB RAM 256 GB,6.67,AMOLED,446.0,5100,200,4,Android,8,256,120.0,1,15199,9,6,982813
realme 12 Pro+ 8 GB RAM 256 GB,6.7,AMOLED,394.0,5000,50,4,Android,8,256,120.0,1,19748,4,5,921556
Samsung Galaxy A56 5G 8 GB RAM 128 GB,6.7,Super AMOLED,385.0,5000,50,4,Android,8,128,120.0,1,17749,4,5,1001256
Honor Magic7 Lite 8 GB RAM 512 GB,6.78,AMOLED,437.0,6600,108,4,Android,8,512,120.0,1,18499,5,6,988959
Honor 90 12 GB RAM 512 GB,6.7,AMOLED,435.0,5000,200,4,Android,12,512,120.0,1,28499,7,6,869958
Samsung Galaxy A36 5G 8 GB RAM 256 GB,6.7,Super AMOLED,385.0,5000,50,4,Android,8,256,120.0,1,15795,5,6,993608
Samsung Galaxy A55 5G 8 GB RAM 128 GB,6.6,Super AMOLED,390.0,5000,50,4,Android,8,128,120.0,1,16199,0,0,917434
Nothing Phone 12 GB RAM 256 GB,6.7,AMOLED,394.0,5000,50,4,Android,12,256,120.0,1,17999,7,6,928172
Samsung Galaxy A54 5G 8 GB RAM 256 GB,6.4,Super AMOLED,403.0,5000,50,5,Android,8,256,120.0,1,19958,7,6,858472
Samsung Galaxy A35 5G 8 GB RAM 256 GB,6.6,Super AMOLED,390.0,5000,50,5,Android,8,256,120.0,1,15180,4,5,931647
Redmi Note 14 Pro 12 GB RAM 512 GB,6.67,AMOLED,395.0,5500,200,6,Android,12,512,120.0,0,15640,7,6,988899
Honor Magic7 Lite 8 GB RAM 256 GB,6.78,AMOLED,437.0,6600,108,4,Android,8,256,120.0,1,15899,7,6,970469
realme 12 Pro 8 GB RAM 256 GB,6.7,AMOLED,394.0,5000,50,4,Android,8,256,120.0,1,14509,4,6,921549
Tecno Camon 20 Premier 5G 8 GB RAM 512 GB,6.67,AMOLED,395.0,5000,50,6,Android,8,512,120.0,1,16599,5,6,866303
Vivo V29 5G 8 GB RAM 256 GB,6.78,AMOLED,453.0,4600,50,6,Android,8,256,120.0,1,19899,5,6,885237
Redmi Note 14S 12 GB RAM 512 GB,6.67,AMOLED,394.0,5000,200,6,Android,12,512,120.0,0,17659,3,5,998274
Samsung Galaxy A36 5G 8 GB RAM 128 GB,6.7,Super AMOLED,385.0,5000,50,4,Android,8,128,120.0,1,14499,8,6,1001257
Redmi Note 13 Pro 12 GB RAM 512 GB,6.67,AMOLED,395.0,5000,200,6,Android,12,512,120.0,0,15199,4,6,920647
Samsung Galaxy A34 5G 8 GB RAM 256 GB,6.6,Super AMOLED,390.0,5000,48,6,Android,8,256,120.0,1,18861,7,6,869283
Oppo Reno11 F 5G 8 GB RAM 256 GB,6.7,AMOLED,394.0,5000,64,6,Android,8,256,120.0,1,14899,4,5,923487
realme 11 Pro+ 12 GB RAM 512 GB,6.7,AMOLED,394.0,5000,200,6,Android,12,512,120.0,1,18525,7,6,866670
Samsung Galaxy A54 5G 8 GB RAM 128 GB,6.4,Super AMOLED,403.0,5000,50,5,Android,8,128,120.0,1,16250,5,6,844335
Samsung Galaxy A35 5G 8 GB RAM 128 GB,6.6,Super AMOLED,390.0,5000,50,5,Android,8,128,120.0,1,13179,0,0,917882
Tecno Phantom V Flip2 8 GB RAM 256 GB,6.9,AMOLED,413.0,4720,50,6,Android,8,256,120.0,1,35849,7,6,961043
Poco M6 Pro 12 GB RAM 512 GB,6.67,AMOLED,394.0,5000,64,6,Android,12,512,120.0,0,15922,7,6,917822
Tecno Camon 30 5G 12 GB RAM 512 GB,6.78,AMOLED,393.0,5000,50,6,Android,12,512,120.0,1,15799,0,0,926297
Redmi Note 14 Pro 8 GB RAM 256 GB,6.67,AMOLED,395.0,5500,200,6,Android,8,256,120.0,0,12476,4,5,966570
Samsung Galaxy A34 5G 8 GB RAM 128 GB,6.6,Super AMOLED,390.0,5000,48,6,Android,8,128,120.0,1,17328,3,5,844696
realme 12+ 8 GB RAM 256 GB,6.67,AMOLED,395.0,5000,50,6,Android,8,256,120.0,1,13509,4,5,925034
Samsung Galaxy A26 5G 8 GB RAM 256 GB,6.7,Super AMOLED,385.0,5000,50,5,Android,8,256,120.0,1,13729,4,6,1000883
Poco M7 Pro 5G 12 GB RAM 256 GB,6.67,AMOLED,394.0,5110,50,6,Android,12,256,120.0,1,15099,7,6,975822
Nothing Phone 8 GB RAM 128 GB,6.7,AMOLED,394.0,5000,50,4,Android,8,128,120.0,1,17599,4,5,925141
Tecno Phantom V Flip 5G 8 GB RAM 256 GB,6.9,AMOLED,413.0,4000,64,6,Android,8,256,120.0,1,21995,7,6,896137
Tecno Pova 6 12 GB RAM 256 GB,6.78,AMOLED,393.0,6000,108,6,Android,12,256,120.0,0,17997,4,6,933411
Redmi Note 13 Pro 8 GB RAM 256 GB,6.67,AMOLED,395.0,5000,200,6,Android,8,256,120.0,0,10950,4,5,917862
Reeder S71 12 GB RAM 256 GB,6.95,IPS LCD,387.0,5000,100,4,Android,12,256,144.0,1,14498,0,0,962061
Huawei Nova 13 12 GB RAM 256 GB,6.7,OLED,395.0,5000,50,7,Android,12,256,120.0,0,27999,3,5,968077
Honor X9b 12 GB RAM 256 GB,6.78,AMOLED,429.0,5800,108,4,Android,12,256,120.0,1,15650,4,5,901621
Xiaomi 13 Lite 8 GB RAM 256 GB,6.55,AMOLED,402.0,4500,50,4,Android,8,256,120.0,1,21559,0,0,850785
Huawei Nova 11 Pro 8 GB RAM 256 GB,6.78,OLED,429.0,4500,50,6,Android,8,256,120.0,0,22300,0,0,863026
Samsung Galaxy A26 5G 6 GB RAM 128 GB,6.7,Super AMOLED,385.0,5000,50,5,Android,6,128,120.0,1,12671,0,0,993667
Huawei Nova 11 8 GB RAM 256 GB,6.7,OLED,393.0,4500,50,6,Android,8,256,120.0,0,18750,0,0,863003
Redmi Note 12 Pro 8 GB RAM 256 GB,6.67,AMOLED,395.0,5000,108,8,Android,8,256,120.0,0,11701,0,0,859071
Oppo Reno13 F 8 GB RAM 256 GB,6.67,AMOLED,394.0,5800,50,6,Android,8,256,120.0,0,14919,7,6,988512
Huawei Nova 12s 8 GB RAM 256 GB,6.7,OLED,395.0,4500,50,6,Android,8,256,120.0,0,19391,0,0,930524
Samsung Galaxy A25 5G 8 GB RAM 256 GB,6.5,Super AMOLED,396.0,5000,50,5,Android,8,256,120.0,1,13920,3,5,918686
realme 11 Pro 8 GB RAM 256 GB,6.7,AMOLED,394.0,5000,100,6,Android,8,256,120.0,1,14600,9,6,866686
Tecno Camon 30 8 GB RAM 256 GB,6.78,AMOLED,393.0,5000,50,6,Android,8,256,120.0,0,12432,0,0,926288
Redmi Note 14 8 GB RAM 256 GB,6.67,AMOLED,395.0,5500,108,6,Android,8,256,120.0,0,11197,0,0,988896
Samsung Galaxy M34 5G 6 GB RAM 128 GB,6.5,Super AMOLED,396.0,6000,50,5,Android,6,128,120.0,1,20054,0,0,877145
General Mobile GM Phoneix 5G 8 GB RAM 256 GB,6.78,AMOLED,388.0,4700,50,6,Android,8,256,120.0,1,16149,0,0,889975
Infinix Zero 30 4G 8 GB RAM 256 GB,6.78,AMOLED,388.0,5000,108,6,Android,8,256,120.0,0,13049,4,5,900052
Vivo V50 Lite 8 GB RAM 256 GB,6.77,AMOLED,387.0,6500,50,6,Android,8,256,120.0,0,14707,4,5,996976
realme 12 4G 8 GB RAM 512 GB,6.67,AMOLED,395.0,5000,50,6,Android,8,512,120.0,0,11750,0,0,969608
Poco X5 5G 8 GB RAM 256 GB,6.67,AMOLED,395.0,5000,48,6,Android,8,256,120.0,1,14850,0,0,849549
Samsung Galaxy A25 5G 6 GB RAM 128 GB,6.5,Super AMOLED,396.0,5000,50,5,Android,6,128,120.0,1,12155,4,5,894217
Tecno Spark 20 Pro+ 8 GB RAM 256 GB,6.78,AMOLED,393.0,5000,108,6,Android,8,256,120.0,0,12000,5,6,917006
Redmi Note 13 8 GB RAM 256 GB,6.67,AMOLED,395.0,5000,108,6,Android,8,256,120.0,0,11992,4,5,917866
Tecno Camon 20 Pro 8 GB RAM 256 GB,6.67,AMOLED,395.0,5000,64,6,Android,8,256,120.0,0,12999,3,5,866322
Oppo Reno11 FS 8 GB RAM 256 GB,6.67,OLED,394.0,5000,50,6,Android,8,256,120.0,0,10499,0,0,962973
Vivo V29 Lite 5G 8 GB RAM 256 GB,6.78,AMOLED,388.0,5000,64,6,Android,8,256,120.0,1,15827,3,5,871307
Redmi Note 14 8 GB RAM 128 GB,6.67,AMOLED,395.0,5500,108,6,Android,8,128,120.0,0,10379,4,5,982235
Tecno Spark 30 Pro 8 GB RAM 256 GB,6.78,AMOLED,393.0,5000,108,6,Android,8,256,120.0,0,10560,3,5,962639
Tecno Spark 20 Pro 12 GB RAM 256 GB,6.78,IPS LCD,396.0,5000,108,6,Android,12,256,120.0,0,11299,4,6,926483
realme 12 4G 8 GB RAM 256 GB,6.67,AMOLED,395.0,5000,50,6,Android,8,256,120.0,0,9509,4,5,946628
Infinix Hot 50 Pro+ 8 GB RAM 256 GB,6.78,AMOLED,396.0,5000,50,6,Android,8,256,120.0,0,11299,4,5,965189
Tecno Pova 5 Pro 8 GB RAM 256 GB,6.78,IPS LCD,396.0,5000,50,6,Android,8,256,120.0,1,11599,4,5,885247
Vivo V40 Lite 8 GB RAM 256 GB,6.67,AMOLED,394.0,5000,50,6,Android,8,256,120.0,0,12399,3,5,963194
Infinix Note 30 8 GB RAM 256 GB,6.78,IPS LCD,396.0,5000,64,6,Android,8,256,120.0,0,15995,4,5,871791
Tecno Pova 5 8 GB RAM 256 GB,6.78,IPS LCD,396.0,6000,50,6,Android,8,256,120.0,0,12499,4,5,875666
Tecno Spark 20 Pro 8 GB RAM 256 GB,6.78,IPS LCD,396.0,5000,108,6,Android,8,256,120.0,0,9309,0,0,913942
OnePlus Nord CE 3 Lite 8 GB RAM 256 GB,6.72,IPS LCD,391.0,5000,108,6,Android,8,256,120.0,1,14799,4,6,859458
General Mobile GM 24 Pro 8 GB RAM 256 GB,6.7,AMOLED,394.0,5000,50,6,Android,8,256,120.0,0,9359,3,5,889977
Samsung Galaxy A16 5G 8 GB RAM 256 GB,6.7,Super AMOLED,385.0,5000,50,5,Android,8,256,90.0,1,11949,0,0,960603
Vivo V30 Lite 8 GB RAM 256 GB,6.67,AMOLED,395.0,5000,50,6,Android,8,256,120.0,0,11167,3,5,933491
Redmi Note 12S 8 GB RAM 256 GB,6.43,AMOLED,409.0,5000,108,12,Android,8,256,90.0,0,9486,0,0,859061
realme 11 4G 8 GB RAM 256 GB,6.4,Super AMOLED,409.0,5000,108,6,Android,8,256,90.0,0,11484,0,0,884833
Infinix Hot 40 Pro 8 GB RAM 256 GB,6.78,IPS LCD,396.0,5000,108,6,Android,8,256,120.0,0,11000,4,5,910129
Infinix Note 30 8 GB RAM 128 GB,6.78,IPS LCD,396.0,5000,64,6,Android,8,128,120.0,0,8084,4,5,868717
Tecno Camon 20 8 GB RAM 256 GB,6.67,AMOLED,395.0,5000,64,12,Android,8,256,60.0,0,9499,3,5,866331
Samsung Galaxy A16 8 GB RAM 256 GB,6.7,Super AMOLED,385.0,5000,50,6,Android,8,256,90.0,0,11500,0,0,974759
Samsung Galaxy A15 8 GB RAM 256 GB,6.5,Super AMOLED,396.0,5000,50,6,Android,8,256,90.0,0,12299,0,0,918685
Samsung Galaxy M15 5G 4 GB RAM 128 GB,6.5,Super AMOLED,396.0,6000,50,6,Android,4,128,90.0,1,10499,3,5,926952
realme C75 8 GB RAM 256 GB,6.72,IPS LCD,392.0,5828,50,12,Android,8,256,90.0,0,9499,3,5,996753
Vivo Y29 8 GB RAM 256 GB,6.68,IPS LCD,264.0,6500,50,6,Android,8,256,120.0,0,13564,4,5,999631
Redmi Note 12 8 GB RAM 128 GB,6.67,AMOLED,395.0,5000,50,6,Android,8,128,120.0,0,8981,0,0,895739
realme 11 4G 8 GB RAM 128 GB,6.4,Super AMOLED,411.0,5000,108,6,Android,8,128,90.0,0,9505,0,0,931770
Infinix Hot 40 Pro 8 GB RAM 128 GB,6.78,IPS LCD,396.0,5000,108,6,Android,8,128,120.0,0,12739,9,6,972395
Tecno Spark 30 8 GB RAM 256 GB,6.78,IPS LCD,396.0,5000,64,12,Android,8,256,90.0,0,8505,4,6,962622
Samsung Galaxy A24 6 GB RAM 128 GB,6.5,Super AMOLED,396.0,5000,50,6,Android,6,128,90.0,0,11903,3,5,845864
Huawei Nova 12 SE 8 GB RAM 256 GB,6.67,OLED,395.0,4500,108,6,Android,8,256,90.0,0,16999,0,0,930523
Redmi Note 12 6 GB RAM 128 GB,6.67,AMOLED,395.0,5000,50,6,Android,6,128,120.0,0,9816,0,0,854787
realme 12 Lite 8 GB RAM 256 GB,6.72,IPS LCD,392.0,5000,108,6,Android,8,256,90.0,0,8499,4,6,937633
realme C75 8 GB RAM 128 GB,6.72,IPS LCD,392.0,5828,50,12,Android,8,128,90.0,0,8109,0,0,974572
Samsung Galaxy M14 5G 4 GB RAM 128 GB,6.6,PLS,400.0,6000,50,5,Android,4,128,90.0,1,11717,0,0,849371
Vivo Y36 8 GB RAM 256 GB,6.64,IPS LCD,395.0,5000,50,6,Android,8,256,90.0,0,10300,3,5,875692
Samsung Galaxy A16 6 GB RAM 128 GB,6.7,Super AMOLED,385.0,5000,50,6,Android,6,128,90.0,0,8499,4,5,974879
Samsung Galaxy A15 6 GB RAM 128 GB,6.5,Super AMOLED,396.0,5000,50,6,Android,6,128,90.0,0,11000,9,6,918684
Omix X7 8 GB RAM 128 GB,6.78,IPS LCD,396.0,5000,50,6,Android,8,128,120.0,0,8155,0,0,922769
Infinix Hot 30 8 GB RAM 256 GB,6.78,IPS LCD,396.0,5000,50,12,Android,8,256,90.0,0,7867,4,5,860896
Vivo Y28 8 GB RAM 256 GB,6.68,IPS LCD,264.0,6000,50,12,Android,8,256,90.0,0,9118,4,5,943988
Casper VIA A40 8 GB RAM 256 GB,6.78,IPS LCD,396.0,5000,64,6,Android,8,256,120.0,0,7566,0,0,914659
Redmi 13 8 GB RAM 256 GB,6.79,IPS LCD,396.0,5030,108,12,Android,8,256,90.0,0,8499,0,0,940469
Tecno Spark 30 8 GB RAM 128 GB,6.78,IPS LCD,396.0,5000,64,12,Android,8,128,90.0,0,7680,0,0,992006
Samsung Galaxy A16 4 GB RAM 128 GB,6.7,Super AMOLED,385.0,5000,50,6,Android,4,128,90.0,0,7998,4,6,964530
Samsung Galaxy A15 4 GB RAM 128 GB,6.5,Super AMOLED,396.0,5000,50,6,Android,4,128,90.0,0,7989,0,0,905317
Oppo A60 8 GB RAM 256 GB,6.67,IPS LCD,264.0,5000,50,6,Android,8,256,90.0,0,9099,3,5,955936
Tecno Spark 20 8 GB RAM 256 GB,6.6,IPS LCD,267.0,5000,50,12,Android,8,256,90.0,0,7526,4,6,931820
Huawei Nova Y91 8 GB RAM 128 GB,6.95,IPS LCD,376.0,7000,50,6,Android,8,128,90.0,0,19999,4,5,868547
Tecno Spark 10 Pro 8 GB RAM 256 GB,6.8,IPS LCD,395.0,5000,50,12,Android,8,256,90.0,0,8133,0,0,854494
Vivo Y36 8 GB RAM 128 GB,6.64,IPS LCD,395.0,5000,50,6,Android,8,128,90.0,0,9599,4,5,869013
Redmi 12 8 GB RAM 256 GB,6.79,IPS LCD,396.0,5000,50,12,Android,8,256,90.0,0,7395,3,5,993952
realme 12 Lite 6 GB RAM 128 GB,6.72,IPS LCD,392.0,5000,108,6,Android,6,128,90.0,0,6859,0,0,932800
Vivo Y28 8 GB RAM 128 GB,6.68,IPS LCD,264.0,6000,50,12,Android,8,128,90.0,0,7294,0,0,971493
Tecno Spark 30C 8 GB RAM 256 GB,6.67,IPS LCD,263.0,5000,48,12,Android,8,256,120.0,0,7049,4,5,959882
Nubia Neo 5G 8 GB RAM 256 GB,6.6,IPS LCD,400.0,4500,50,6,Android,8,256,120.0,1,11199,3,5,963955
realme C55 8 GB RAM 256 GB,6.72,IPS LCD,392.0,5000,64,12,Android,8,256,90.0,0,9449,4,5,870708
Samsung Galaxy M14 5G 4 GB RAM 64 GB,6.6,PLS,400.0,6000,50,5,Android,4,64,90.0,1,12089,4,6,863662
Oppo A60 8 GB RAM 128 GB,6.67,IPS LCD,264.0,5000,50,6,Android,8,128,90.0,0,9216,4,5,936438
Tecno Spark 20 8 GB RAM 128 GB,6.6,IPS LCD,267.0,5000,50,12,Android,8,128,90.0,0,7258,0,0,909047
Tecno Spark 10 Pro 8 GB RAM 128 GB,6.8,IPS LCD,395.0,5000,50,12,Android,8,128,90.0,0,8167,0,0,871707
Redmi 12 8 GB RAM 128 GB,6.79,IPS LCD,396.0,5000,50,12,Android,8,128,90.0,0,7399,0,0,899409
Infinix Hot 30 4 GB RAM 128 GB,6.78,IPS LCD,396.0,5000,50,12,Android,4,128,90.0,0,5844,4,5,889732
Vivo Y19s 8 GB RAM 256 GB,6.68,IPS LCD,264.0,5500,50,12,Android,8,256,90.0,0,8895,3,5,972399
Nubia V50 Design 8 GB RAM 256 GB,6.66,IPS LCD,396.0,5000,50,12,Android,8,256,60.0,0,7867,0,0,963954
Poco C65 8 GB RAM 256 GB,6.74,IPS LCD,260.0,5000,50,12,Android,8,256,90.0,0,9588,3,5,903996
Infinix Hot 50i 6 GB RAM 128 GB,6.7,IPS LCD,262.0,5000,48,12,Android,6,128,120.0,0,6750,0,0,965165
realme C55 6 GB RAM 128 GB,6.72,IPS LCD,392.0,5000,64,12,Android,6,128,90.0,0,7791,4,6,854255
Redmi 12 4 GB RAM 128 GB,6.79,IPS LCD,396.0,5000,50,12,Android,4,128,90.0,0,6799,0,0,869443
realme C63 8 GB RAM 256 GB,6.74,IPS LCD,260.0,5000,50,12,Android,8,256,90.0,0,8099,2,5,973769
Huawei Nova 12i 8 GB RAM 128 GB,6.7,IPS LCD,391.0,5000,108,6,Android,8,128,90.0,0,11920,4,5,930525
realme C65 8 GB RAM 128 GB,6.67,IPS LCD,264.0,5000,50,12,Android,8,128,90.0,0,7199,0,0,957912
Tecno Spark 30C 4 GB RAM 128 GB,6.67,IPS LCD,263.0,5000,48,12,Android,4,128,120.0,0,5899,3,5,986966
Infinix Hot 40i 8 GB RAM 256 GB,6.56,IPS LCD,269.0,5000,50,12,Android,8,256,90.0,0,7599,4,5,908067
Samsung Galaxy A05s 4 GB RAM 128 GB,6.7,PLS,393.0,5000,50,6,Android,4,128,90.0,0,8799,0,0,896697
Redmi 13C 8 GB RAM 256 GB,6.74,IPS LCD,260.0,5000,50,12,Android,8,256,90.0,0,8111,4,5,897703
Vivo Y18 8 GB RAM 256 GB,6.56,IPS LCD,269.0,5000,50,12,Android,8,256,90.0,0,7529,4,5,946770
Wiko T60 8 GB RAM 256 GB,6.58,IPS LCD,401.0,5200,48,12,Android,8,256,60.0,0,5398,0,0,897898
Redmi 14C 8 GB RAM 256 GB,6.88,IPS LCD,260.0,5160,50,12,Android,8,256,120.0,0,7699,0,0,970850
realme C65 6 GB RAM 128 GB,6.67,IPS LCD,264.0,5000,50,12,Android,6,128,90.0,0,6899,2,5,932816
Oppo A3 6 GB RAM 128 GB,6.67,IPS LCD,264.0,5100,50,11,Android,6,128,90.0,0,7466,4,5,965945
realme C61 8 GB RAM 256 GB,6.74,IPS LCD,260.0,5000,50,12,Android,8,256,90.0,0,7595,0,0,958567
Vivo Y27 6 GB RAM 128 GB,6.64,IPS LCD,395.0,5000,50,12,Android,6,128,60.0,0,6697,2,5,884850
realme C53 8 GB RAM 256 GB,6.74,IPS LCD,260.0,5000,50,12,Android,8,256,90.0,0,7399,4,5,940404
Vivo Y19s 4 GB RAM 128 GB,6.68,IPS LCD,264.0,5500,50,12,Android,4,128,90.0,0,6223,4,5,966737
Vivo Y18 8 GB RAM 128 GB,6.56,IPS LCD,269.0,5000,50,12,Android,8,128,90.0,0,6850,4,5,937550
realme C63 6 GB RAM 128 GB,6.74,IPS LCD,260.0,5000,50,12,Android,6,128,90.0,0,6149,4,5,942520
Samsung Galaxy A14 4 GB RAM 128 GB,6.6,PLS,400.0,5000,50,8,Android,4,128,60.0,0,9999,0,0,856980
Nubia V50 Vita 6 GB RAM 128 GB,6.75,IPS LCD,260.0,5200,50,12,Android,6,128,90.0,0,5750,4,6,954859
Tecno Spark 20C 8 GB RAM 128 GB,6.6,IPS LCD,267.0,5000,50,12,Android,8,128,90.0,0,6699,4,5,907051
Redmi 13C 6 GB RAM 128 GB,6.74,IPS LCD,260.0,5000,50,12,Android,6,128,90.0,0,8099,4,5,936673
Tecno Spark 10 8 GB RAM 128 GB,6.6,IPS LCD,267.0,5000,50,12,Android,8,128,90.0,0,6540,0,0,898351
Oppo A38 6 GB RAM 128 GB,6.56,IPS LCD,269.0,5000,50,12,Android,6,128,90.0,0,7572,0,0,892342
Redmi 14C 6 GB RAM 128 GB,6.88,IPS LCD,260.0,5160,50,12,Android,6,128,120.0,0,6799,0,0,958492
Vivo Y04 4 GB RAM 128 GB,6.74,IPS LCD,260.0,5500,13,12,Android,4,128,90.0,0,6100,2,5,999624
Tecno Spark Go 1 4 GB RAM 128 GB,6.67,IPS LCD,263.0,5000,13,12,Android,4,128,120.0,0,6099,0,0,957138
Vivo Y17s 6 GB RAM 128 GB,6.56,IPS LCD,269.0,5000,50,12,Android,6,128,60.0,0,6599,4,5,900749
Vivo Y18 4 GB RAM 128 GB,6.56,IPS LCD,269.0,5000,50,12,Android,4,128,90.0,0,6171,2,5,965242
realme C61 6 GB RAM 128 GB,6.74,IPS LCD,260.0,5000,50,12,Android,6,128,90.0,0,6109,4,6,946988
Samsung Galaxy A06 4 GB RAM 128 GB,6.7,PLS,262.0,5000,50,12,Android,4,128,60.0,0,5999,4,5,952611
Tecno Spark 10 4 GB RAM 128 GB,6.6,IPS LCD,267.0,5000,50,12,Android,4,128,90.0,0,7199,4,5,859745
Vivo Y17s 4 GB RAM 128 GB,6.56,IPS LCD,269.0,5000,50,12,Android,4,128,60.0,0,6500,4,5,895495
itel S23 8 GB RAM 256 GB,6.6,IPS LCD,267.0,5000,50,12,Android,8,256,90.0,0,5404,4,5,925068
Tecno Spark 10C 8 GB RAM 128 GB,6.6,IPS LCD,267.0,5000,16,12,Android,8,128,90.0,0,7128,0,0,859751
realme C53 4 GB RAM 128 GB,6.74,IPS LCD,260.0,5000,50,12,Android,4,128,90.0,0,6999,0,0,870747
Samsung Galaxy A14 4 GB RAM 64 GB,6.6,PLS,400.0,5000,50,8,Android,4,64,60.0,0,7831,4,5,825623
Tecno Spark 20C 4 GB RAM 128 GB,6.6,IPS LCD,267.0,5000,50,12,Android,4,128,90.0,0,6299,0,0,922578
Infinix Smart 9 4 GB RAM 128 GB,6.7,IPS LCD,262.0,5000,13,12,Android,4,128,120.0,0,5702,0,0,963919
realme Note 60 6 GB RAM 128 GB,6.74,IPS LCD,260.0,5000,32,12,Android,6,128,90.0,0,6995,0,0,983797
Samsung Galaxy A05 4 GB RAM 128 GB,6.7,PLS,262.0,5000,50,12,Android,4,128,60.0,0,7426,0,0,918625
itel S23 8 GB RAM 128 GB,6.6,IPS LCD,267.0,5000,50,12,Android,8,128,90.0,0,5399,0,0,922860
Infinix Hot 30i 8 GB RAM 128 GB,6.56,IPS LCD,269.0,5000,50,12,Android,8,128,90.0,0,6263,4,5,860879
Infinix Smart 8 Pro 8 GB RAM 128 GB,6.6,IPS LCD,267.0,5000,50,12,Android,8,128,90.0,0,7055,4,6,933546
realme Note 60 4 GB RAM 128 GB,6.74,IPS LCD,260.0,5000,32,12,Android,4,128,90.0,0,6199,0,0,958493
Infinix Hot 30i 4 GB RAM 128 GB,6.56,IPS LCD,269.0,5000,13,12,Android,4,128,90.0,0,6500,0,0,859340
Omix X5 4 GB RAM 64 GB,6.56,IPS LCD,269.0,5000,50,12,Android,4,64,90.0,0,5450,0,0,861952
realme Note 50 4 GB RAM 128 GB,6.74,IPS LCD,260.0,5000,13,12,Android,4,128,90.0,0,5889,0,0,919738
Infinix Hot 30i 4 GB RAM 128 GB,6.56,IPS LCD,269.0,5000,50,12,Android,4,128,90.0,0,6500,4,6,939142
Infinix Smart 8 Pro 4 GB RAM 128 GB,6.6,IPS LCD,267.0,5000,50,12,Android,4,128,90.0,0,5830,0,0,921588
General Mobile GM 23 4 GB RAM 128 GB,6.52,IPS LCD,269.0,5000,50,12,Android,4,128,90.0,0,6850,3,5,863928
Samsung Galaxy A05 4 GB RAM 64 GB,6.7,PLS,262.0,5000,50,12,Android,4,64,60.0,0,7162,4,5,892993
Redmi 12C 4 GB RAM 128 GB,6.71,IPS LCD,268.0,5000,50,12,Android,4,128,60.0,0,6997,0,0,844378
General Mobile GM 23 SE 4 GB RAM 128 GB,6.5,IPS LCD,270.0,5000,8,12,Android,4,128,60.0,0,5119,0,0,905560
Infinix Hot 30i 4 GB RAM 64 GB,6.56,IPS LCD,269.0,5000,50,12,Android,4,64,90.0,0,7999,0,0,885478
Redmi 12C 4 GB RAM 64 GB,6.71,IPS LCD,268.0,5000,50,12,Android,4,64,60.0,0,6173,0,0,857656
Honor 400 Pro 12 GB RAM 512 GB,6.7,AMOLED,460.0,6000,200,4,Android,12,512,120.0,1,35998,0,0,1007343
Honor 400 8 GB RAM 256 GB,6.55,AMOLED,460.0,6000,200,4,Android,8,256,120.0,1,18999,0,0,1006725
Honor 400 12 GB RAM 256 GB,6.55,AMOLED,460.0,6000,200,4,Android,12,256,120.0,1,22999,0,0,1013014
Samsung Galaxy S25 Edge 12 GB RAM 512 GB,6.7,Dynamic AMOLED,513.0,3900,200,3,Android,12,512,120.0,1,62075,0,0,1008074
Samsung Galaxy S25 Edge 12 GB RAM 256 GB,6.7,Dynamic AMOLED,513.0,3900,200,3,Android,12,256,120.0,1,65999,9,6,983834
Tecno Camon 40 12 GB RAM 256 GB,6.78,AMOLED,393.0,5200,50,6,Android,12,256,120.0,0,19999,6,6,1013676
Infinix Hot 50 8 GB RAM 256 GB,6.78,IPS LCD,396.0,5000,50,6,Android,8,256,120.0,0,12499,6,6,1004721
Oppo A5 Pro 8 GB RAM 256 GB,6.67,IPS LCD,264.0,5800,50,11,Android,8,256,90.0,0,15999,8,6,999318
Tecno Camon 40 Premier 5G 12 GB RAM 256 GB,6.67,AMOLED,460.0,5100,50,4,Android,12,256,144.0,1,29998,8,6,997848
Tecno Camon 40 8 GB RAM 256 GB,6.78,AMOLED,393.0,5200,50,6,Android,8,256,120.0,0,15999,6,6,997847
Infinix Hot 50 6 GB RAM 256 GB,6.78,IPS LCD,396.0,5000,50,6,Android,6,256,120.0,0,12499,3,0,1007990
Hiking A45 8 GB RAM 128 GB,6.79,IPS LCD,264.0,5000,48,12,Android,8,128,60.0,0,5200,9,6,965099
Infinix Hot 50 8 GB RAM 128 GB,6.78,IPS LCD,396.0,5000,50,6,Android,8,128,120.0,0,9309,9,6,963903
General Mobile Era 50 6 GB RAM 256 GB,6.78,IPS LCD,396.0,5000,50,12,Android,6,256,90.0,0,8463,6,6,953989
General Mobile Era 50 6 GB RAM 128 GB,6.78,IPS LCD,396.0,5000,50,12,Android,6,128,90.0,0,6999,3,0,953981
General Mobile Era 30 4 GB RAM 128 GB,6.6,IPS LCD,269.0,5000,50,12,Android,4,128,90.0,0,5649,0,0,953985
Mipo M59 8 GB RAM 256 GB,6.78,IPS LCD,396.0,5000,64,6,Android,8,256,120.0,0,6785,3,0,955429
Mipo M46 Plus 8 GB RAM 256 GB,6.82,IPS LCD,263.0,5000,48,12,Android,8,256,60.0,0,6599,0,0,948348
Casper VIA M40 6 GB RAM 128 GB,6.53,IPS LCD,269.0,5000,50,12,Android,6,128,90.0,0,6538,0,0,935581
ZTE nubia Focus 5G 6 GB RAM 256 GB,6.56,IPS LCD,269.0,5000,108,6,Android,6,256,120.0,1,8749,0,0,941524
Ovion V20 Pro 8 GB RAM 256 GB,6.7,AMOLED,,5000,64,6,Android,8,256,120.0,0,9999,0,0,936131
Reeder S19 Max Pro S Edge 8 GB RAM 128 GB,6.67,AMOLED,,4500,64,12,Android,8,128,60.0,0,9999,0,0,925999
Casper VIA X40 8 GB RAM 256 GB,6.67,AMOLED,403.0,5000,50,6,Android,8,256,120.0,0,9995,0,0,921063
Infinix Note 12 Pro 4G 8 GB RAM 256 GB,6.7,AMOLED,,5000,108,6,Android,8,256,,0,11999,0,0,986554
Omix X6 6 GB RAM 128 GB,6.78,IPS LCD,396.0,5000,50,12,Android,6,128,90.0,0,6460,0,0,921462
Redmi 13C 5G 4 GB RAM 128 GB,6.74,IPS LCD,260.0,5000,50,6,Android,4,128,90.0,1,6590,0,0,909684
Mipo M33 6 GB RAM 128 GB,6.51,IPS LCD,270.0,4680,48,12,Android,6,128,60.0,0,7499,0,0,909734
Mipo M17 4 GB RAM 128 GB,6.51,IPS LCD,270.0,4000,13,28,Android,4,128,60.0,0,5879,0,0,909853
