Product Name,Price
Samsung Galaxy A35 256 GB,"14.993,50 TL"
Samsung Galaxy A35 256 GB,"14.993,50 TL"
Samsung Galaxy A04s 64 GB,"7.699,99 TL"
Gpack Samsung Galaxy A52S 5G Ekran Tam Kaplayan Cam Koruyucu,"143,54 TL"
Samsung Galaxy Z Fold3 5g Menteşeli Kickstand Case Pu Derisi + Pc Telefon Kapağı Ve Temperli Cam Film,"1.025,00 TL"
Samsung Galaxy M12 64 GB,"8.299,00 TL"
Samsung Galaxy S20 Ultra 5g,"703,84 TL"
Samsung Galaxy M32 128 GB 6GB,"11.268,05 TL"
Samsung Galaxy A72 128 GB,"26.999,00 TL"
Samsung Galaxy A31 128 GB,"14.245,27 TL"
giyitec Samsung Galaxy A51 5G A42 5G Uyumlu 18W Hızlı Şarj Aleti Qualcomm Quick Charger 3.4A USB To Type-C,"290,03 TL"
Samsung Galaxy M11,"278,26 TL"
Samsung Galaxy Note20 5g,"597,70 TL"
Samsung Galaxy Note20 Ultra 5g,"597,70 TL"
Samsung Galaxy Note20 Ultra 5g,"597,70 TL"
Samsung Galaxy Z Flip 3 5g Ön Darbe Emici Hd Ekran Koruyucu Kaplama,"325,82 TL"
Samsung Galaxy S20+ 5g,"703,84 TL"
Samsung Galaxy S20+ 5g,"703,84 TL"
Samsung Galaxy A22 64 GB,"10.806,52 TL"
Samsung Galaxy A22 64 GB,"10.806,52 TL"
Samsung Galaxy A52 128 GB,"16.040,35 TL"
Samsung Galaxy A52 128 GB,"16.040,35 TL"
Samsung Galaxy A52 128 GB,"16.040,35 TL"
Samsung Galaxy A52 5g,"769,90 TL"
Samsung Galaxy A52 5g,"769,90 TL"
Samsung Galaxy A72 128 GB,"26.999,00 TL"
Samsung Galaxy M15 - M25 - M35 - M55 5g Type-C 25W Hızlı Sarj Adaptörü - Siyah - Beyaz,"347,90 TL"
Samsung Galaxy A14 128 GB,"9.717,57 TL"
Samsung Galaxy A34 128 GB,"16.582,50 TL"
Samsung Galaxy A54 256 GB,"19.100,00 TL"
Samsung Galaxy A54 256 GB,"19.100,00 TL"
Samsung Galaxy A55 128 GB,"16.250,00 TL"
Samsung Galaxy A55 128 GB,"16.250,00 TL"
Samsung Galaxy Z Flip 6 256 GB,"45.931,88 TL"
Samsung Galaxy Z Flip 6 256 GB,"45.931,88 TL"
Samsung Galaxy Z Fold 6 512 GB,"74.170,00 TL"
Samsung Galaxy Z Fold 6 512 GB,"74.170,00 TL"
Samsung Galaxy Z Fold 6 512 GB,"74.170,00 TL"
Samsung Galaxy Z Fold 6 512 GB,"74.170,00 TL"
Samsung Galaxy A06 128 GB,"6.099,00 TL"
Samsung Galaxy A24 4g,"364,37 TL"
Samsung Galaxy A35 256 GB,"14.993,50 TL"
"Samsung Galaxy Tab S10 Plus SM-X820 256 GB 12.4"" Tablet","26.399,00 TL"
"Samsung Galaxy Tab S10 Plus SM-X820 256 GB 12.4"" Tablet","26.399,00 TL"
Samsung Galaxy A03S Okalı Dokunmatik Ön Cam -EKRAN DEĞİLDİR,"271,33 TL"
Samsung Galaxy A03S Okalı Dokunmatik Ön Cam -EKRAN DEĞİLDİR,"271,33 TL"
Samsung Galaxy A03S Okalı Dokunmatik Ön Cam -EKRAN DEĞİLDİR,"271,33 TL"
Samsung Galaxy Z Fold 5 512 GB,"57.889,00 TL"
Samsung Galaxy Z Fold 5 512 GB,"57.889,00 TL"
Samsung Galaxy Z Fold 5 512 GB,"57.889,00 TL"
Samsung Galaxy A35 256 GB,"15.661,05 TL"
Samsung Galaxy A35 256 GB,"15.661,05 TL"
"Samsung Galaxy Tab S9 FE SM-X510 128 GB 10.9"" Tablet","10.649,00 TL"
"Samsung Galaxy Tab S9 FE SM-X510 128 GB 10.9"" Tablet","10.649,00 TL"
"Samsung Galaxy Tab S10 Plus SM-X820 256 GB 12.4"" Tablet","26.399,00 TL"
Samsung G970F Galaxy S10e Arka Kapak Pil Kapağı mavi,"286,76 TL"
Samsung G970F Galaxy S10e Arka Kapak Pil Kapağı mavi,"286,76 TL"
"Samsung Galaxy Tab S9 FE SM-X510 128 GB 10.9"" Tablet","10.649,00 TL"
"Samsung Galaxy Tab S9 FE SM-X510 128 GB 10.9"" Tablet","10.649,00 TL"
"Samsung Galaxy Tab S9 FE SM-X510 128 GB 10.9"" Tablet","10.649,00 TL"
Samsung Galaxy Note10+,"385,00 TL"
Samsung Galaxy S20 5g,"703,84 TL"
Tecno Spark 10 Pro 256 GB,"6.630,09 TL"
Tecno Pova 6 Pro ile Uyumlu Şeffaf 9H Esnek Nano Ekran Koruyucu,"139,99 TL"
Tecno Spark 10 5G ile Uyumlu MAT Esnek Nano Kırılmayan Ekran Koruyucu,"132,99 TL"
Vivo V21 5G Ön-Arka 360 Fullbody Mat Darbe Emici HD Koruyucu Kaplama,"456,15 TL"
Vivo V30 Lite 256 GB,"10.999,00 TL"
Vivo V29 Lite 256 GB,"15.679,02 TL"
Vivo V40 Lite 256 GB,"12.290,00 TL"
Vivo Y50 Ön-Arka 360 Fullbody Mat Darbe Emici HD Koruyucu Kaplama,"456,15 TL"
Xiaomi Poco F5 Pro Ekran Koruyucu Tam Kaplayan Kırılmaz Cam 9018000001381,"90,23 TL"
Xiaomi Redmi Note 10 Pro 128 GB 8 GB,"13.499,00 TL"
Xiaomi MIX Flip 512 GB,"50.000,00 TL"
Xiaomi Poco M6 4g,"334,00 TL"
Xiaomi Redmi Note 13 Pro 256 GB 8 GB,"10.689,00 TL"
Xiaomi Redmi Note 14 Pro 512 GB 12 GB,"16.566,00 TL"
Xiaomi Poco F4 Gt Ön Darbe Emici Hd Mat Koruyucu Kaplama,"358,42 TL"
Xiaomi Redmi Note 10S 128 GB 6 GB,"7.943,41 TL"
Xiaomi Redmi Note 10S 128 GB 6 GB,"7.943,41 TL"
Xiaomi Poco C40,"342,00 TL"
Xiaomi Poco C40,"342,00 TL"
Xiaomi 13 Ultra 256 GB 12 GB,"42.418,32 TL"
Xiaomi 13T Pro 512 GB,"26.594,02 TL"
Xiaomi Redmi Note 9 Pro 128 GB,"8.473,62 TL"
Xiaomi Redmi Note 9 Pro 128 GB,"8.473,62 TL"
Xiaomi Redmi 9A 64 GB 4 GB,"5.999,00 TL"
Xiaomi Redmi 9A 64 GB 4 GB,"5.999,00 TL"
Xiaomi Redmi 9A 64 GB 4 GB,"5.999,00 TL"
Xiaomi Redmi 9C 64 GB 3 GB,"5.949,00 TL"
Xiaomi Redmi Note 9 Pro 128 GB,"8.473,62 TL"
Xiaomi Redmi Note 9 Pro 128 GB,"8.473,62 TL"
Xiaomi Redmi 10 2022 128 GB Mavi,"6.145,00 TL"
Myphone Xiaomi Redmi Note 11/11pro/12/12 Pro/13/13pro Uyumlu 4g Turbo Hızlı Şarj Cihazı Aleti Type-c 67 watt,"186,20 TL"
Xiaomi Redmi Note 13 Pro 256 GB 8 GB,"10.689,00 TL"
Xiaomi Redmi Note 13 Pro 256 GB 8 GB,"10.689,00 TL"
Xiaomi Redmi Note 13 Pro 256 GB 8 GB,"10.689,00 TL"
Xiaomi Redmi Note 10S 128 GB 6 GB,"7.943,41 TL"
Xiaomi Redmi Note 10S 128 GB 6 GB,"7.943,41 TL"
Xiaomi Redmi Note 10 5G 128 GB 4 GB,"7.895,27 TL"
Xiaomi Redmi Note 10 5G 128 GB 4 GB,"7.895,27 TL"
Xiaomi Redmi Note 10 Pro 128 GB 8 GB,"13.499,00 TL"
Xiaomi Redmi Note 10 Pro 128 GB 8 GB,"13.499,00 TL"
Xiaomi Redmi Note 10 Pro 128 GB 8 GB,"13.499,00 TL"
Xiaomi Poco X3 Pro Kırılmaz Ekran Koruyucu Temperli Cam,"28,50 TL"
Xiaomi Mi 11 Lite (5G) Uyumlu Batarya Mucize Uyumlu Batarya Deji,"614,06 TL"
Xiaomi Mi 11 Lite (5G) Uyumlu Batarya Mucize Uyumlu Batarya Deji,"614,06 TL"
Xiaomi Redmi Note 9 Pro 128 GB,"8.473,62 TL"
Xiaomi Redmi Note 9 Pro 128 GB,"8.473,62 TL"
Xiaomi Redmi 9A 64 GB 4 GB,"5.999,00 TL"
Xiaomi Redmi Note 9 Pro 128 GB,"8.473,62 TL"
Xiaomi Redmi 9C 64 GB 3 GB,"5.949,00 TL"
Xiaomi Redmi 9C 64 GB 3 GB,"5.949,00 TL"
Xiaomi Redmi 9C 64 GB 3 GB,"5.949,00 TL"
Xiaomi Redmi Poco F2 Pro Batarya Pil (Realpower Güçlendirilmiş Batarya),"694,54 TL"
Xiaomi Poco M3 Pro 5G Ön-Arka 360 Fullbody Mat Darbe Emici HD Koruyucu Kaplama,"456,15 TL"
Xiaomi Poco M5S Davin Seramik Ekran Koruyucu,"199,18 TL"
Xiaomi Poco M5S Davin Seramik Ekran Koruyucu,"199,18 TL"
Xiaomi Poco M5S Davin Seramik Ekran Koruyucu,"199,18 TL"
Myphone Xiaomi Redmi Note 11/11pro/12/12 Pro/13/13pro Uyumlu 4g Turbo Hızlı Şarj Cihazı Aleti Type-c 67 watt,"186,20 TL"
Myphone Xiaomi Redmi Note 11/11pro/12/12 Pro/13/13pro Uyumlu 4g Turbo Hızlı Şarj Cihazı Aleti Type-c 67 watt,"186,20 TL"
Myphone Xiaomi Redmi Note 11/11pro/12/12 Pro/13/13pro Uyumlu 4g Turbo Hızlı Şarj Cihazı Aleti Type-c 67 watt,"186,20 TL"
Xiaomi Redmi A2 Plus 64 GB 4 GB,"5.975,00 TL"
Xiaomi Redmi A2 Plus 64 GB 4 GB,"5.975,00 TL"
Xiaomi Redmi A2 Plus 64 GB 4 GB,"5.975,00 TL"
Xiaomi Redmi Note 12S 256 GB,"9.048,60 TL"
Xiaomi Redmi 10A 64 GB 3 GB,"4.988,61 TL"
Xiaomi Redmi 10A 64 GB 3 GB,"4.988,61 TL"
Xiaomi Redmi Note 10 Pro 128 GB 8 GB,"13.499,00 TL"
Xiaomi Redmi Note 10 Pro 128 GB 8 GB,"13.499,00 TL"
Sesatech Mı Xiaomi Redmi Note 9 Pro Max Turbo Şarj Aleti 33W 4.0 Mdy 11 Adaptör + Type C Kablo,"289,00 TL"
Xiaomi Redmi Note 9S 128 GB 6 GB,"8.300,00 TL"
Xiaomi Redmi Note 9S 128 GB 6 GB,"8.300,00 TL"
Xiaomi Poco F6 İle Uyumlu Hayalet Ekran Koruyucu Şeffaf,"284,90 TL"
Xiaomi Poco F6 Pro,"334,00 TL"
Xiaomi Poco F6 Pro,"334,00 TL"
Xiaomi Poco F4 Gt Ön Darbe Emici Hd Mat Koruyucu Kaplama,"358,42 TL"
Xiaomi Poco C40,"342,00 TL"
Xiaomi Poco F4 Gt Ön Darbe Emici Hd Mat Koruyucu Kaplama,"358,42 TL"
Xiaomi Poco M4 Pro,"399,00 TL"
Xiaomi Poco X4 Pro 5g,"149,95 TL"
Xiaomi Redmi Note 10 5G 128 GB 4 GB,"7.895,27 TL"
Xiaomi Redmi Note 11s 5g,"202,60 TL"
Xiaomi Redmi Note 11s 5g,"202,60 TL"
Xiaomi Redmi Note 12S 256 GB,"9.048,60 TL"
Xiaomi 13 Lite 256 GB,"21.614,02 TL"
Xiaomi Redmi A2 Plus 64 GB 4 GB,"5.975,00 TL"
Xiaomi Redmi A2 Plus 64 GB 4 GB,"5.975,00 TL"
Myphone Xiaomi Redmi Note 11/11pro/12/12 Pro/13/13pro Uyumlu 4g Turbo Hızlı Şarj Cihazı Aleti Type-c 67 watt,"186,20 TL"
Myphone Xiaomi Redmi Note 11/11pro/12/12 Pro/13/13pro Uyumlu 4g Turbo Hızlı Şarj Cihazı Aleti Type-c 67 watt,"186,20 TL"
Xiaomi Poco M5S Davin Seramik Ekran Koruyucu,"199,18 TL"
Xiaomi Poco M5S Davin Seramik Ekran Koruyucu,"199,18 TL"
Xiaomi Poco M5S Davin Seramik Ekran Koruyucu,"199,18 TL"
Xiaomi Redmi A1 Plus 32 GB,"4.582,26 TL"
Xiaomi Redmi Note 13 Pro 256 GB 8 GB,"10.689,00 TL"
Xiaomi Poco M6 4g,"334,00 TL"
Xiaomi Redmi Note 9 Pro 128 GB,"8.473,62 TL"
Xiaomi Redmi Note 9 Pro 128 GB,"8.473,62 TL"
Xiaomi Mi Note 10 Lite 128 GB 6 GB,"9.199,26 TL"
Xiaomi Redmi 10 2022 128 GB Mavi,"6.145,00 TL"
Xiaomi Redmi 10 2022 128 GB Mavi,"6.145,00 TL"
Xiaomi Redmi Note 13 Pro 256 GB 8 GB,"10.689,00 TL"
Xiaomi Redmi Note 13 Pro 256 GB 8 GB,"10.689,00 TL"
Xiaomi Redmi Note 13 Pro 256 GB 8 GB,"10.689,00 TL"
Xiaomi 13T Pro 512 GB,"26.594,02 TL"
Xiaomi 13T Pro 512 GB,"26.594,02 TL"
Myphone Xiaomi Redmi Note 11/11pro/12/12 Pro/13/13pro Uyumlu 4g Turbo Hızlı Şarj Cihazı Aleti Type-c 67 watt,"186,20 TL"
Xiaomi Poco F5,"29.474,02 TL"
Xiaomi Redmi Note 14 Pro 512 GB 12 GB,"16.566,00 TL"
Xiaomi Poco F5 Pro Ekran Koruyucu Tam Kaplayan Kırılmaz Cam 9018000001381,"90,23 TL"
Xiaomi Redmi 14C 256 GB 8 GB,"7.619,00 TL"
Xiaomi 14T Pro 512 GB,"29.000,00 TL"
Xiaomi 14T Pro 512 GB,"29.000,00 TL"
Xiaomi Poco M3 Pro 5G Ön-Arka 360 Fullbody Mat Darbe Emici HD Koruyucu Kaplama,"456,15 TL"
Xiaomi Redmi Note 10S 128 GB 6 GB,"7.943,41 TL"
Xiaomi Poco X3 Pro Kırılmaz Ekran Koruyucu Temperli Cam,"28,50 TL"
Xiaomi Mi 11 Lite (5G) Uyumlu Batarya Mucize Uyumlu Batarya Deji,"614,06 TL"
Xiaomi Mi 11 Lite 128 GB 6 GB,"10.839,51 TL"
Xiaomi Poco F3 - Bm4y - Batarya Pil Sıfır Orijinal + Tamir Seti,"763,74 TL"
Xiaomi Redmi Note 9 Pro 128 GB,"8.473,62 TL"
Xiaomi Redmi Note 9 Pro 128 GB,"8.473,62 TL"
Xiaomi Redmi 9C 64 GB 3 GB,"5.949,00 TL"
Xiaomi Redmi 9C 64 GB 3 GB,"5.949,00 TL"
Xiaomi Redmi 9C 64 GB 3 GB,"5.949,00 TL"
Xiaomi Redmi 10 2022 128 GB Mavi,"6.145,00 TL"
Xiaomi Redmi Note 10S 128 GB 6 GB,"7.943,41 TL"
Xiaomi Redmi Note 10 Pro 128 GB 8 GB,"13.499,00 TL"
Xiaomi Redmi Note 10 Pro 128 GB 8 GB,"13.499,00 TL"
Xiaomi Poco X3 / Poco X3 Nfc BN57 Batarya Pil,"456,61 TL"
TA20 Micro & Type-C Kablolu 15W Hızlı Şarj Aleti,"731,41 TL"
Xiaomi Redmi Note 10 Pro 128 GB 8 GB,"13.499,00 TL"
Xiaomi Redmi Note 10 Pro 128 GB 8 GB,"13.499,00 TL"
Xiaomi Redmi Note 13 Pro 256 GB 8 GB,"10.689,00 TL"
Xiaomi Redmi Note 13 Pro 256 GB 8 GB,"10.689,00 TL"
Xiaomi 13T Pro 512 GB,"26.594,02 TL"
Xiaomi Redmi Note 11s 5g,"202,60 TL"
Xiaomi Poco X4 Gt -Bm 5G - Batarya Pil Sıfır Orijinal + Tamir Seti,"948,72 TL"
Xiaomi Redmi Note 12S 256 GB,"9.048,60 TL"
Xiaomi 13 Lite 256 GB,"21.614,02 TL"
Xiaomi Redmi A2 Plus 64 GB 4 GB,"5.975,00 TL"
Myphone Xiaomi Redmi Note 11/11pro/12/12 Pro/13/13pro Uyumlu 4g Turbo Hızlı Şarj Cihazı Aleti Type-c 67 watt,"186,20 TL"
Myphone Xiaomi Redmi Note 11/11pro/12/12 Pro/13/13pro Uyumlu 4g Turbo Hızlı Şarj Cihazı Aleti Type-c 67 watt,"186,20 TL"
Xiaomi Poco M5S Davin Seramik Ekran Koruyucu,"199,18 TL"
Xiaomi Poco M5S Davin Seramik Ekran Koruyucu,"199,18 TL"
Xiaomi Poco M5S Davin Seramik Ekran Koruyucu,"199,18 TL"
Xiaomi Poco M5S Davin Seramik Ekran Koruyucu,"199,18 TL"
Xiaomi Redmi Note 10 5G 128 GB 4 GB,"7.895,27 TL"
Xiaomi Redmi Note 10 5G 128 GB 4 GB,"7.895,27 TL"
Xiaomi 13T Pro 512 GB,"26.594,02 TL"
Xiaomi 13T Pro 512 GB,"26.594,02 TL"
Myphone Xiaomi Redmi Note 11/11pro/12/12 Pro/13/13pro Uyumlu 4g Turbo Hızlı Şarj Cihazı Aleti Type-c 67 watt,"186,20 TL"
Myphone Xiaomi Redmi Note 11/11pro/12/12 Pro/13/13pro Uyumlu 4g Turbo Hızlı Şarj Cihazı Aleti Type-c 67 watt,"186,20 TL"
Xiaomi Poco F5,"29.474,02 TL"
Xiaomi 13 Ultra 256 GB 12 GB,"42.418,32 TL"
Xiaomi 13 Ultra 256 GB 12 GB,"42.418,32 TL"
Xiaomi Redmi Note 14 Pro 512 GB 12 GB,"16.566,00 TL"
Xiaomi Redmi Note 14 Pro 512 GB 12 GB,"16.566,00 TL"
Xiaomi Poco F5 Pro Ekran Koruyucu Tam Kaplayan Kırılmaz Cam 9018000001381,"90,23 TL"
Xiaomi Poco F5 Pro Ekran Koruyucu Tam Kaplayan Kırılmaz Cam 9018000001381,"90,23 TL"
Xiaomi Redmi Note 10S 128 GB 6 GB,"7.943,41 TL"
Xiaomi Poco M6 4g,"334,00 TL"
Xiaomi Redmi A3x Nano Full Arka Kaplama İnce Esnek Hd Şeffaf,"272,50 TL"
Xiaomi Poco F6 İle Uyumlu Hayalet Ekran Koruyucu Şeffaf,"284,90 TL"
Xiaomi Poco F6 Pro,"334,00 TL"
Xiaomi Poco F6 Pro,"334,00 TL"
Xiaomi Poco C40,"342,00 TL"
Xiaomi Poco X4 Pro 5g,"149,95 TL"
Xiaomi Poco X4 Pro 5g,"149,95 TL"
Xiaomi Redmi 10C 128 GB,"7.020,72 TL"
Xiaomi Redmi 10C 128 GB,"7.020,72 TL"
Xiaomi Redmi Note 13 Pro 256 GB 8 GB,"10.689,00 TL"
Xiaomi Redmi Note 10 5G 128 GB 4 GB,"7.895,27 TL"
Xiaomi Redmi Note 10 5G 128 GB 4 GB,"7.895,27 TL"
Xiaomi Poco X4 Gt -Bm 5G - Batarya Pil Sıfır Orijinal + Tamir Seti,"948,72 TL"
Xiaomi Redmi 10A 64 GB 3 GB,"4.988,61 TL"
Xiaomi Redmi 10A 64 GB 3 GB,"4.988,61 TL"
Xiaomi Redmi Note 11s 5g,"202,60 TL"
Xiaomi Redmi Note 11s 5g,"202,60 TL"
Xiaomi Redmi Note 10 5G 128 GB 4 GB,"7.895,27 TL"
Xiaomi Redmi Note 10 5G 128 GB 4 GB,"7.895,27 TL"
Xiaomi Redmi 10C 128 GB,"7.020,72 TL"
Xiaomi Redmi Note 12S 256 GB,"9.048,60 TL"
Xiaomi Poco X4 Pro 5g,"149,95 TL"
Xiaomi Poco M4 Pro,"399,00 TL"
Xiaomi Poco M4 Pro,"399,00 TL"
Xiaomi Poco C40,"342,00 TL"
Xiaomi Poco F4 Gt Ön Darbe Emici Hd Mat Koruyucu Kaplama,"358,42 TL"
Xiaomi Poco F6 Pro,"334,00 TL"
Xiaomi Poco F6 Pro,"334,00 TL"
Xiaomi Poco F6 İle Uyumlu Hayalet Ekran Koruyucu Şeffaf,"284,90 TL"
Xiaomi Redmi Note 13 Pro 256 GB 8 GB,"10.689,00 TL"
Xiaomi Poco M6 4g,"334,00 TL"
Xiaomi 14T Pro 512 GB,"29.000,00 TL"
Xiaomi Poco X4 Pro 5g,"149,95 TL"
Xiaomi Redmi Note 12S 256 GB,"9.048,60 TL"
Xiaomi Redmi A1 Plus 32 GB,"4.582,26 TL"
Xiaomi Poco M5S Davin Seramik Ekran Koruyucu,"199,18 TL"
Xiaomi Poco M5S Davin Seramik Ekran Koruyucu,"199,18 TL"
Xiaomi Poco M5S Davin Seramik Ekran Koruyucu,"199,18 TL"
Xiaomi Poco M5S Davin Seramik Ekran Koruyucu,"199,18 TL"
Xiaomi 13 Lite 256 GB,"21.614,02 TL"
Xiaomi 14T Pro 512 GB,"29.000,00 TL"
Xiaomi Redmi A2 Plus 64 GB 4 GB,"5.975,00 TL"
Myphone Xiaomi Redmi Note 11/11pro/12/12 Pro/13/13pro Uyumlu 4g Turbo Hızlı Şarj Cihazı Aleti Type-c 67 watt,"186,20 TL"
Myphone Xiaomi Redmi Note 11/11pro/12/12 Pro/13/13pro Uyumlu 4g Turbo Hızlı Şarj Cihazı Aleti Type-c 67 watt,"186,20 TL"
Myphone Xiaomi Redmi Note 11/11pro/12/12 Pro/13/13pro Uyumlu 4g Turbo Hızlı Şarj Cihazı Aleti Type-c 67 watt,"186,20 TL"
Myphone Xiaomi Redmi Note 11/11pro/12/12 Pro/13/13pro Uyumlu 4g Turbo Hızlı Şarj Cihazı Aleti Type-c 67 watt,"186,20 TL"
Xiaomi Poco M5S Davin Seramik Ekran Koruyucu,"199,18 TL"
Xiaomi Redmi A2 Plus 64 GB 4 GB,"5.975,00 TL"
Xiaomi Redmi Note 10 5G 128 GB 4 GB,"7.895,27 TL"
Xiaomi Redmi 14C 256 GB 8 GB,"7.619,00 TL"
Xiaomi Redmi Note 9 Pro 128 GB,"8.473,62 TL"
Xiaomi Redmi Note 9 Pro 128 GB,"8.473,62 TL"
Xiaomi Redmi Note 9S 128 GB 6 GB,"8.300,00 TL"
Xiaomi Redmi Poco F2 Pro Batarya Pil (Realpower Güçlendirilmiş Batarya),"694,54 TL"
Xiaomi Redmi 9C 64 GB 3 GB,"5.949,00 TL"
Xiaomi Redmi 9C 64 GB 3 GB,"5.949,00 TL"
Xiaomi Redmi Note 9 Pro 128 GB,"8.473,62 TL"
Xiaomi Redmi 9A 64 GB 4 GB,"5.999,00 TL"
Xiaomi Redmi Note 9 Pro 128 GB,"8.473,62 TL"
Xiaomi Redmi Note 9 Pro 128 GB,"8.473,62 TL"
Xiaomi Redmi 14C 256 GB 8 GB,"7.619,00 TL"
Xiaomi Poco F3 - Bm4y - Batarya Pil Sıfır Orijinal + Tamir Seti,"763,74 TL"
Xiaomi Mi 11 Lite 128 GB 6 GB,"10.839,51 TL"
Xiaomi Mi 11 Lite 128 GB 6 GB,"10.839,51 TL"
Xiaomi Mi 11 Lite (5G) Uyumlu Batarya Mucize Uyumlu Batarya Deji,"614,06 TL"
Xiaomi Mi 11 Lite (5G) Uyumlu Batarya Mucize Uyumlu Batarya Deji,"614,06 TL"
Xiaomi Poco X3 Pro Kırılmaz Ekran Koruyucu Temperli Cam,"28,50 TL"
Xiaomi Redmi Note 10 Pro 128 GB 8 GB,"13.499,00 TL"
Xiaomi Redmi Note 10 Pro 128 GB 8 GB,"13.499,00 TL"
Xiaomi Redmi Note 10 Pro 128 GB 8 GB,"13.499,00 TL"
Xiaomi Redmi 10 2022 128 GB Mavi,"6.145,00 TL"
Xiaomi Mi Note 10 Lite 128 GB 6 GB,"9.199,26 TL"
Xiaomi Redmi Note 13 Pro 256 GB 8 GB,"10.689,00 TL"
Xiaomi 13T Pro 512 GB,"26.594,02 TL"
Xiaomi Redmi Note 13 Pro 256 GB 8 GB,"10.689,00 TL"
Xiaomi 13T Pro 512 GB,"26.594,02 TL"
Myphone Xiaomi Redmi Note 11/11pro/12/12 Pro/13/13pro Uyumlu 4g Turbo Hızlı Şarj Cihazı Aleti Type-c 67 watt,"186,20 TL"
Myphone Xiaomi Redmi Note 11/11pro/12/12 Pro/13/13pro Uyumlu 4g Turbo Hızlı Şarj Cihazı Aleti Type-c 67 watt,"186,20 TL"
Xiaomi Poco F5,"29.474,02 TL"
Xiaomi Redmi Note 14 Pro 512 GB 12 GB,"16.566,00 TL"
Xiaomi Redmi Note 14 Pro 512 GB 12 GB,"16.566,00 TL"
Xiaomi Poco F5 Pro Ekran Koruyucu Tam Kaplayan Kırılmaz Cam 9018000001381,"90,23 TL"
Xiaomi Poco F5 Pro Ekran Koruyucu Tam Kaplayan Kırılmaz Cam 9018000001381,"90,23 TL"
Xiaomi Redmi Note 12 Pro 5G 256 GB,"11.097,28 TL"
Xiaomi Redmi 10 2022 128 GB Mavi,"6.145,00 TL"
Xiaomi Redmi Note 13 Pro 256 GB 8 GB,"10.689,00 TL"
