Product Name ,Popularity
Samsung Galaxy S24 Ultra 256GB,2
Samsung Galaxy S24 Ultra 256GB,2
Samsung Galaxy S24 Ultra 256GB,2
Samsung Galaxy S24 Ultra 256GB,2
Samsung Galaxy S24 Ultra 256GB,2
Samsung Galaxy S24 Ultra 256GB,2
Samsung Galaxy S24 Ultra 256GB,2
Samsung Galaxy S24 Ultra 256GB,2
Samsung Galaxy S24 Ultra 256GB,2
Samsung Galaxy S24 Ultra 256GB,2
Samsung Galaxy S24 Ultra 256GB,2
Samsung Galaxy S24 Ultra 256GB,2
Samsung Galaxy S24 Ultra 256GB,2
Samsung Galaxy S24 Ultra 256GB,2
Samsung Galaxy S24 Ultra 256GB,2
Samsung Galaxy S25 Ultra 512GB,9
Samsung Galaxy S25 Ultra 512GB,9
Samsung Galaxy S25 Ultra 512GB,9
Samsung Galaxy S25 Ultra 512GB,9
Samsung Galaxy S25 Ultra 512GB,8
Samsung Galaxy S25 Ultra 512GB,6
Samsung Galaxy S25 Ultra 512GB,7
Samsung Galaxy S25 Ultra 512GB,7
Samsung Galaxy S25 Ultra 512GB,7
Samsung Galaxy S25 Ultra 512GB,6
Samsung Galaxy S25 Ultra 512GB,5
Samsung Galaxy S25 Ultra 512GB,5
Samsung Galaxy S25 Ultra 512GB,5
Samsung Galaxy S25 Ultra 512GB,5
Samsung Galaxy S25 Ultra 256GB,11
Samsung Galaxy S25 Ultra 256GB,11
Samsung Galaxy S25 Ultra 256GB,11
Samsung Galaxy S25 Ultra 256GB,11
Samsung Galaxy S25 Ultra 256GB,11
Samsung Galaxy S25 Ultra 256GB,11
Samsung Galaxy S25 Ultra 256GB,11
Samsung Galaxy S25 Ultra 256GB,11
Samsung Galaxy S25 Ultra 256GB,10
Samsung Galaxy S25 Ultra 256GB,11
Samsung Galaxy S25 Ultra 256GB,11
Samsung Galaxy S25 Ultra 256GB,10
Samsung Galaxy S25 Ultra 256GB,10
Samsung Galaxy S25 Ultra 256GB,10
Samsung Galaxy A56 5G 256GB,39
Samsung Galaxy A56 5G 256GB,29
Samsung Galaxy A56 5G 256GB,24
Samsung Galaxy A56 5G 256GB,22
Samsung Galaxy A56 5G 256GB,19
Samsung Galaxy A56 5G 256GB,19
Samsung Galaxy A56 5G 256GB,17
Samsung Galaxy A56 5G 256GB,15
Samsung Galaxy A56 5G 256GB,15
Samsung Galaxy A56 5G 256GB,15
Samsung Galaxy A56 5G 256GB,14
Samsung Galaxy A56 5G 256GB,14
Samsung Galaxy A56 5G 256GB,13
Samsung Galaxy A56 5G 256GB,14
Samsung Galaxy A55 5G 128GB,12
Samsung Galaxy A55 5G 128GB,12
Samsung Galaxy A55 5G 128GB,12
Samsung Galaxy A55 5G 128GB,12
Samsung Galaxy A55 5G 128GB,12
Samsung Galaxy A55 5G 128GB,12
Samsung Galaxy A55 5G 128GB,12
Samsung Galaxy A55 5G 128GB,12
Samsung Galaxy A55 5G 128GB,12
Samsung Galaxy A55 5G 128GB,13
Samsung Galaxy A55 5G 128GB,12
Samsung Galaxy A55 5G 128GB,12
Samsung Galaxy A55 5G 128GB,13
Samsung Galaxy A55 5G 128GB,13
Samsung Galaxy A16 5G 128GB,23
Samsung Galaxy A16 5G 128GB,23
Samsung Galaxy A16 5G 128GB,27
Samsung Galaxy A16 5G 128GB,26
Samsung Galaxy A16 5G 128GB,23
Samsung Galaxy A16 5G 128GB,23
Samsung Galaxy A16 5G 128GB,22
Samsung Galaxy A16 5G 128GB,23
Samsung Galaxy A16 5G 128GB,23
Samsung Galaxy A16 5G 128GB,23
Samsung Galaxy A16 5G 128GB,24
Samsung Galaxy A16 5G 128GB,24
Samsung Galaxy A16 5G 128GB,23
Samsung Galaxy A16 5G 128GB,22
Samsung Galaxy S24 Ultra 512GB,14
Samsung Galaxy S24 Ultra 512GB,14
Samsung Galaxy S24 Ultra 512GB,14
Samsung Galaxy S24 Ultra 512GB,13
Samsung Galaxy S24 Ultra 512GB,13
Samsung Galaxy S24 Ultra 512GB,13
Samsung Galaxy S24 Ultra 512GB,13
Samsung Galaxy S24 Ultra 512GB,13
Samsung Galaxy S24 Ultra 512GB,14
Samsung Galaxy S24 Ultra 512GB,14
Samsung Galaxy S24 Ultra 512GB,16
Samsung Galaxy S24 Ultra 512GB,15
Samsung Galaxy S24 Ultra 512GB,15
Samsung Galaxy S24 Ultra 512GB,16
Samsung Galaxy Z Fold6 256GB,30
Samsung Galaxy Z Fold6 256GB,28
Samsung Galaxy Z Fold6 256GB,28
Samsung Galaxy Z Fold6 256GB,22
Samsung Galaxy Z Fold6 256GB,24
Samsung Galaxy Z Fold6 256GB,25
Samsung Galaxy Z Fold6 256GB,24
Samsung Galaxy Z Fold6 256GB,24
Samsung Galaxy Z Fold6 256GB,22
Samsung Galaxy Z Fold6 256GB,22
Samsung Galaxy Z Fold6 256GB,20
Samsung Galaxy Z Fold6 256GB,20
Samsung Galaxy Z Fold6 256GB,21
Samsung Galaxy Z Fold6 256GB,20
Samsung Galaxy S25 Ultra 1TB,15
Samsung Galaxy S25 Ultra 1TB,17
Samsung Galaxy S25 Ultra 1TB,17
Samsung Galaxy S25 Ultra 1TB,18
Samsung Galaxy S25 Ultra 1TB,21
Samsung Galaxy S25 Ultra 1TB,20
Samsung Galaxy S25 Ultra 1TB,20
Samsung Galaxy S25 Ultra 1TB,20
Samsung Galaxy S25 Ultra 1TB,24
Samsung Galaxy S25 Ultra 1TB,24
Samsung Galaxy S25 Ultra 1TB,25
Samsung Galaxy S25 Ultra 1TB,25
Samsung Galaxy S25 Ultra 1TB,24
Samsung Galaxy S25 Ultra 1TB,24
Samsung Galaxy S24 FE 256GB,60
Samsung Galaxy S24 FE 256GB,56
Samsung Galaxy S24 FE 256GB,56
Samsung Galaxy S24 FE 256GB,54
Samsung Galaxy S24 FE 256GB,52
Samsung Galaxy S24 FE 256GB,50
Samsung Galaxy S24 FE 256GB,47
Samsung Galaxy S24 FE 256GB,45
Samsung Galaxy S24 FE 256GB,41
Samsung Galaxy S24 FE 256GB,40
Samsung Galaxy S24 FE 256GB,37
Samsung Galaxy S24 FE 256GB,36
Samsung Galaxy S24 FE 256GB,35
Samsung Galaxy S24 FE 256GB,32
Samsung Galaxy S24 FE 128GB,19
Samsung Galaxy S24 FE 128GB,18
Samsung Galaxy S24 FE 128GB,18
Samsung Galaxy S24 FE 128GB,16
Samsung Galaxy S24 FE 128GB,17
Samsung Galaxy S24 FE 128GB,18
Samsung Galaxy S24 FE 128GB,19
Samsung Galaxy S24 FE 128GB,19
Samsung Galaxy S24 FE 128GB,21
Samsung Galaxy S24 FE 128GB,21
Samsung Galaxy S24 FE 128GB,19
Samsung Galaxy S24 FE 128GB,22
Samsung Galaxy S24 FE 128GB,25
Samsung Galaxy S24 FE 128GB,26
Samsung Galaxy S25 256GB,16
Samsung Galaxy S25 256GB,15
Samsung Galaxy S25 256GB,15
Samsung Galaxy S25 256GB,14
Samsung Galaxy S25 256GB,14
Samsung Galaxy S25 256GB,14
Samsung Galaxy S25 256GB,14
Samsung Galaxy S25 256GB,14
Samsung Galaxy S25 256GB,15
Samsung Galaxy S25 256GB,15
Samsung Galaxy S25 256GB,15
Samsung Galaxy S25 256GB,16
Samsung Galaxy S25 256GB,18
Samsung Galaxy S25 256GB,18
Apple iPhone 15 Pro Max 256GB,6
Apple iPhone 15 Pro Max 256GB,6
Apple iPhone 15 Pro Max 256GB,6
Apple iPhone 15 Pro Max 256GB,6
Apple iPhone 15 Pro Max 256GB,7
Apple iPhone 15 Pro Max 256GB,9
Apple iPhone 15 Pro Max 256GB,8
Apple iPhone 15 Pro Max 256GB,9
Apple iPhone 15 Pro Max 256GB,11
Apple iPhone 15 Pro Max 256GB,10
Apple iPhone 15 Pro Max 256GB,10
Apple iPhone 15 Pro Max 256GB,11
Apple iPhone 15 Pro Max 256GB,11
Apple iPhone 15 Pro Max 256GB,11
Apple iPhone 15 Pro 128GB,34
Apple iPhone 15 Pro 128GB,34
Apple iPhone 15 Pro 128GB,34
Apple iPhone 15 Pro 128GB,37
Apple iPhone 15 Pro 128GB,41
Apple iPhone 15 Pro 128GB,40
Apple iPhone 15 Pro 128GB,40
Apple iPhone 15 Pro 128GB,40
Apple iPhone 15 Pro 128GB,42
Apple iPhone 15 Pro 128GB,44
Apple iPhone 15 Pro 128GB,53
Apple iPhone 15 Pro 128GB,63
Apple iPhone 15 Pro 128GB,59
Apple iPhone 15 Pro 128GB,63
Apple iPhone 15 128GB,10
Apple iPhone 15 128GB,10
Apple iPhone 15 128GB,10
Apple iPhone 15 128GB,10
Apple iPhone 15 128GB,10
Apple iPhone 15 128GB,10
Apple iPhone 15 128GB,10
Apple iPhone 15 128GB,10
Apple iPhone 15 128GB,8
Apple iPhone 15 128GB,9
Apple iPhone 15 128GB,8
Apple iPhone 15 128GB,8
Apple iPhone 15 128GB,8
Apple iPhone 15 128GB,7
Apple iPhone 14 Pro Max 256GB,59
Apple iPhone 14 Pro Max 256GB,61
Apple iPhone 14 Pro Max 256GB,61
Apple iPhone 14 Pro Max 256GB,58
Apple iPhone 14 Pro Max 256GB,64
Apple iPhone 14 Pro Max 256GB,68
Apple iPhone 14 Pro Max 256GB,67
Apple iPhone 14 Pro Max 256GB,67
Apple iPhone 14 Pro Max 256GB,67
Apple iPhone 14 Pro Max 256GB,71
Apple iPhone 14 Pro Max 256GB,73
Apple iPhone 14 Pro Max 256GB,76
Apple iPhone 14 Pro Max 256GB,82
Apple iPhone 14 Pro Max 256GB,85
Apple iPhone 14 128GB,13
Apple iPhone 14 128GB,13
Apple iPhone 14 128GB,13
Apple iPhone 14 128GB,15
Apple iPhone 14 128GB,15
Apple iPhone 14 128GB,16
Apple iPhone 14 128GB,15
Apple iPhone 14 128GB,15
Apple iPhone 14 128GB,13
Apple iPhone 14 128GB,12
Apple iPhone 14 128GB,13
Apple iPhone 14 128GB,13
Apple iPhone 14 128GB,12
Apple iPhone 14 128GB,12
Apple iPhone 13 128GB,5
Apple iPhone 13 128GB,5
Apple iPhone 13 128GB,5
Apple iPhone 13 128GB,5
Apple iPhone 13 128GB,5
Apple iPhone 13 128GB,5
Apple iPhone 13 128GB,5
Apple iPhone 13 128GB,5
Apple iPhone 13 128GB,5
Apple iPhone 13 128GB,8
Apple iPhone 13 128GB,7
Apple iPhone 13 128GB,9
Apple iPhone 13 128GB,9
Apple iPhone 13 128GB,9
Apple iPhone SE (2022) 64GB,113
Apple iPhone SE (2022) 64GB,122
Apple iPhone SE (2022) 64GB,122
Apple iPhone SE (2022) 64GB,131
Apple iPhone SE (2022) 64GB,139
Apple iPhone SE (2022) 64GB,141
Apple iPhone SE (2022) 64GB,142
Apple iPhone SE (2022) 64GB,141
Apple iPhone SE (2022) 64GB,144
Apple iPhone SE (2022) 64GB,151
Apple iPhone SE (2022) 64GB,146
Apple iPhone SE (2022) 64GB,146
Apple iPhone SE (2022) 64GB,143
Apple iPhone SE (2022) 64GB,143
Apple iPhone 12 64GB,48
Apple iPhone 12 64GB,47
Apple iPhone 12 64GB,49
Apple iPhone 12 64GB,49
Apple iPhone 12 64GB,49
Apple iPhone 12 64GB,49
Apple iPhone 12 64GB,51
Apple iPhone 12 64GB,51
Apple iPhone 12 64GB,59
Apple iPhone 12 64GB,55
Apple iPhone 12 64GB,56
Apple iPhone 12 64GB,57
Apple iPhone 12 64GB,57
Apple iPhone 12 64GB,55
Apple iPhone 11 64GB,55
Apple iPhone 11 64GB,55
Apple iPhone 11 64GB,55
Apple iPhone 11 64GB,57
Apple iPhone 11 64GB,55
Apple iPhone 11 64GB,56
Apple iPhone 11 64GB,58
Apple iPhone 11 64GB,57
Apple iPhone 11 64GB,53
Apple iPhone 11 64GB,49
Apple iPhone 11 64GB,48
Apple iPhone 11 64GB,49
Apple iPhone 11 64GB,51
Apple iPhone 11 64GB,54
Apple iPhone XR 64GB,117
Apple iPhone XR 64GB,117
Apple iPhone XR 64GB,116
Apple iPhone XR 64GB,111
Apple iPhone XR 64GB,105
Apple iPhone XR 64GB,105
Apple iPhone XR 64GB,106
Apple iPhone XR 64GB,107
Apple iPhone XR 64GB,116
Apple iPhone XR 64GB,118
Apple iPhone XR 64GB,109
Apple iPhone XR 64GB,106
Apple iPhone XR 64GB,109
Apple iPhone XR 64GB,105
Apple iPhone XS 64GB,256
Apple iPhone XS 64GB,255
Apple iPhone XS 64GB,253
Apple iPhone XS 64GB,232
Apple iPhone XS 64GB,219
Apple iPhone XS 64GB,221
Apple iPhone XS 64GB,221
Apple iPhone XS 64GB,221
Apple iPhone XS 64GB,218
Apple iPhone XS 64GB,204
Apple iPhone XS 64GB,203
Apple iPhone XS 64GB,179
Apple iPhone XS 64GB,181
Apple iPhone XS 64GB,179
Apple iPhone X 64GB,197
Apple iPhone X 64GB,206
Apple iPhone X 64GB,204
Apple iPhone X 64GB,229
Apple iPhone X 64GB,236
Apple iPhone X 64GB,217
Apple iPhone X 64GB,204
Apple iPhone X 64GB,204
Apple iPhone X 64GB,204
Apple iPhone X 64GB,213
Apple iPhone X 64GB,218
Apple iPhone X 64GB,202
Apple iPhone X 64GB,210
Apple iPhone X 64GB,227
Nokia 3210 4G 2024 128MB,184
Nokia 3210 4G 2024 128MB,222
Nokia 3210 4G 2024 128MB,221
Nokia 3210 4G 2024 128MB,222
Nokia 3210 4G 2024 128MB,197
Nokia 3210 4G 2024 128MB,199
Nokia 3210 4G 2024 128MB,200
Nokia 3210 4G 2024 128MB,201
Nokia 3210 4G 2024 128MB,213
Nokia 3210 4G 2024 128MB,228
Nokia 3210 4G 2024 128MB,199
Nokia 3210 4G 2024 128MB,197
Nokia 3210 4G 2024 128MB,178
Nokia 3210 4G 2024 128MB,176
Nokia 235 4G 128MB,265
Nokia 235 4G 128MB,282
Nokia 235 4G 128MB,280
Nokia 235 4G 128MB,293
Nokia 235 4G 128MB,271
Nokia 235 4G 128MB,284
Nokia 235 4G 128MB,286
Nokia 235 4G 128MB,286
Nokia 235 4G 128MB,270
Nokia 235 4G 128MB,282
Nokia 235 4G 128MB,236
Nokia 235 4G 128MB,256
Nokia 235 4G 128MB,257
Nokia 235 4G 128MB,255
Oppo Find X5 Pro 256GB,377
Oppo Find X5 Pro 256GB,376
Oppo Find X5 Pro 256GB,390
Oppo Find X5 Pro 256GB,400
Oppo Find X5 Pro 256GB,396
Oppo Find X5 Pro 256GB,433
Oppo Find X5 Pro 256GB,420
Oppo Find X5 Pro 256GB,419
Oppo Find X5 Pro 256GB,471
Oppo Find X5 Pro 256GB,537
Oppo Find X5 Pro 256GB,539
Oppo Find X5 Pro 256GB,589
Oppo Find X5 Pro 256GB,590
Oppo Find X5 Pro 256GB,583
Oppo A80 5G 256GB,303
Oppo A80 5G 256GB,329
Oppo A80 5G 256GB,325
Oppo A80 5G 256GB,314
Oppo A80 5G 256GB,314
Oppo A80 5G 256GB,298
Oppo A80 5G 256GB,295
Oppo A80 5G 256GB,297
Oppo A80 5G 256GB,297
Oppo A80 5G 256GB,277
Oppo A80 5G 256GB,281
Oppo A80 5G 256GB,254
Oppo A80 5G 256GB,248
Oppo A80 5G 256GB,245
Oppo Reno12 Pro 512GB,263
Oppo Reno12 Pro 512GB,227
Oppo Reno12 Pro 512GB,227
Oppo Reno12 Pro 512GB,206
Oppo Reno12 Pro 512GB,205
Oppo Reno12 Pro 512GB,205
Oppo Reno12 Pro 512GB,190
Oppo Reno12 Pro 512GB,191
Oppo Reno12 Pro 512GB,193
Oppo Reno12 Pro 512GB,202
Oppo Reno12 Pro 512GB,217
Oppo Reno12 Pro 512GB,227
Oppo Reno12 Pro 512GB,225
Oppo Reno12 Pro 512GB,224
Oppo Reno12 F 5G 8GB RAM 256GB,209
Oppo Reno12 F 5G 8GB RAM 256GB,209
Oppo Reno12 F 5G 8GB RAM 256GB,207
Oppo Reno12 F 5G 8GB RAM 256GB,199
Oppo Reno12 F 5G 8GB RAM 256GB,203
Oppo Reno12 F 5G 8GB RAM 256GB,192
Oppo Reno12 F 5G 8GB RAM 256GB,194
Oppo Reno12 F 5G 8GB RAM 256GB,195
Oppo Reno12 F 5G 8GB RAM 256GB,184
Oppo Reno12 F 5G 8GB RAM 256GB,187
Oppo Reno12 F 5G 8GB RAM 256GB,210
Oppo Reno12 F 5G 8GB RAM 256GB,222
Oppo Reno12 F 5G 8GB RAM 256GB,258
Oppo Reno12 F 5G 8GB RAM 256GB,256
Oppo Find X8 Pro 16GB RAM 1TB,295
Oppo Find X8 Pro 16GB RAM 1TB,294
Oppo Find X8 Pro 16GB RAM 1TB,293
Oppo Find X8 Pro 16GB RAM 1TB,273
Oppo Find X8 Pro 16GB RAM 1TB,275
Oppo Find X8 Pro 16GB RAM 1TB,275
Oppo Find X8 Pro 16GB RAM 1TB,288
Oppo Find X8 Pro 16GB RAM 1TB,290
Oppo Find X8 Pro 16GB RAM 1TB,287
Oppo Find X8 Pro 16GB RAM 1TB,301
Oppo Find X8 Pro 16GB RAM 1TB,300
Oppo Find X8 Pro 16GB RAM 1TB,295
Oppo Find X8 Pro 16GB RAM 1TB,297
Oppo Find X8 Pro 16GB RAM 1TB,287
Oppo A60 256GB,397
Oppo A60 256GB,392
Oppo A60 256GB,384
Oppo A60 256GB,332
Oppo A60 256GB,352
Oppo A60 256GB,339
Oppo A60 256GB,414
Oppo A60 256GB,413
Oppo A60 256GB,365
Oppo A60 256GB,352
Oppo A60 256GB,351
Oppo A60 256GB,291
Oppo A60 256GB,291
Oppo A60 256GB,329
Oppo Reno 11 F 256GB,355
Oppo Reno 11 F 256GB,351
Oppo Reno 11 F 256GB,347
Oppo Reno 11 F 256GB,345
Oppo Reno 11 F 256GB,365
Oppo Reno 11 F 256GB,357
Oppo Reno 11 F 256GB,337
Oppo Reno 11 F 256GB,338
Oppo Reno 11 F 256GB,338
Oppo Reno 11 F 256GB,322
Oppo Reno 11 F 256GB,326
Oppo Reno 11 F 256GB,322
Oppo Reno 11 F 256GB,323
Oppo Reno 11 F 256GB,315
Xiaomi 14 Ultra 512GB,199
Xiaomi 14 Ultra 512GB,196
Xiaomi 14 Ultra 512GB,194
Xiaomi 14 Ultra 512GB,205
Xiaomi 14 Ultra 512GB,189
Xiaomi 14 Ultra 512GB,189
Xiaomi 14 Ultra 512GB,189
Xiaomi 14 Ultra 512GB,192
Xiaomi 14 Ultra 512GB,192
Xiaomi 14 Ultra 512GB,191
Xiaomi 14 Ultra 512GB,182
Xiaomi 14 Ultra 512GB,178
Xiaomi 14 Ultra 512GB,170
Xiaomi 14 Ultra 512GB,178
Xiaomi 14 Pro 512GB,103
Xiaomi 14 Pro 512GB,104
Xiaomi 14 Pro 512GB,103
Xiaomi 14 Pro 512GB,92
Xiaomi 14 Pro 512GB,93
Xiaomi 14 Pro 512GB,91
Xiaomi 14 Pro 512GB,90
Xiaomi 14 Pro 512GB,90
Xiaomi 14 Pro 512GB,86
Xiaomi 14 Pro 512GB,84
Xiaomi 14 Pro 512GB,84
Xiaomi 14 Pro 512GB,88
Xiaomi 14 Pro 512GB,102
Xiaomi 14 Pro 512GB,96
Xiaomi 13T Pro 512GB,356
Xiaomi 13T Pro 512GB,350
Xiaomi 13T Pro 512GB,346
Xiaomi 13T Pro 512GB,393
Xiaomi 13T Pro 512GB,364
Xiaomi 13T Pro 512GB,391
Xiaomi 13T Pro 512GB,383
Xiaomi 13T Pro 512GB,381
Xiaomi 13T Pro 512GB,359
Xiaomi 13T Pro 512GB,402
Xiaomi 13T Pro 512GB,403
Xiaomi 13T Pro 512GB,399
Xiaomi 13T Pro 512GB,399
Xiaomi 13T Pro 512GB,350
Xiaomi 13T 256GB,449
Xiaomi 13T 256GB,442
Xiaomi 13T 256GB,432
Xiaomi 13T 256GB,429
Xiaomi 13T 256GB,420
Xiaomi 13T 256GB,420
Xiaomi 13T 256GB,409
Xiaomi 13T 256GB,447
Xiaomi 13T 256GB,449
Xiaomi 13T 256GB,450
Xiaomi 13T 256GB,451
Xiaomi 13T 256GB,440
Xiaomi 13T 256GB,443
Xiaomi 13T 256GB,461
Xiaomi Redmi Note 13 Pro+ 512GB,220
Xiaomi Redmi Note 13 Pro+ 512GB,218
Xiaomi Redmi Note 13 Pro+ 512GB,217
Xiaomi Redmi Note 13 Pro+ 512GB,242
Xiaomi Redmi Note 13 Pro+ 512GB,266
Xiaomi Redmi Note 13 Pro+ 512GB,282
Xiaomi Redmi Note 13 Pro+ 512GB,270
Xiaomi Redmi Note 13 Pro+ 512GB,270
Xiaomi Redmi Note 13 Pro+ 512GB,282
Xiaomi Redmi Note 13 Pro+ 512GB,298
Xiaomi Redmi Note 13 Pro+ 512GB,311
Xiaomi Redmi Note 13 Pro+ 512GB,337
Xiaomi Redmi Note 13 Pro+ 512GB,325
Xiaomi Redmi Note 13 Pro+ 512GB,316
Xiaomi Redmi Note 13 Pro 256GB,155
Xiaomi Redmi Note 13 Pro 256GB,154
Xiaomi Redmi Note 13 Pro 256GB,153
Xiaomi Redmi Note 13 Pro 256GB,154
Xiaomi Redmi Note 13 Pro 256GB,154
Xiaomi Redmi Note 13 Pro 256GB,164
Xiaomi Redmi Note 13 Pro 256GB,153
Xiaomi Redmi Note 13 Pro 256GB,156
Xiaomi Redmi Note 13 Pro 256GB,172
Xiaomi Redmi Note 13 Pro 256GB,179
Xiaomi Redmi Note 13 Pro 256GB,184
Xiaomi Redmi Note 13 Pro 256GB,192
Xiaomi Redmi Note 13 Pro 256GB,202
Xiaomi Redmi Note 13 Pro 256GB,215
Xiaomi Redmi Note 13 5G 128GB,319
Xiaomi Redmi Note 13 5G 128GB,322
Xiaomi Redmi Note 13 5G 128GB,322
Xiaomi Redmi Note 13 5G 128GB,322
Xiaomi Redmi Note 13 5G 128GB,320
Xiaomi Redmi Note 13 5G 128GB,320
Xiaomi Redmi Note 13 5G 128GB,320
Xiaomi Redmi Note 13 5G 128GB,357
Xiaomi Redmi Note 13 5G 128GB,357
Xiaomi Redmi Note 13 5G 128GB,360
Xiaomi Redmi Note 13 5G 128GB,360
Xiaomi Redmi Note 13 5G 128GB,360
Xiaomi Redmi Note 13 5G 128GB,360
Xiaomi Redmi Note 13 5G 128GB,360
Xiaomi Redmi 13C 128GB,409
Xiaomi Redmi 13C 128GB,399
Xiaomi Redmi 13C 128GB,392
Xiaomi Redmi 13C 128GB,399
Xiaomi Redmi 13C 128GB,393
Xiaomi Redmi 13C 128GB,393
Xiaomi Redmi 13C 128GB,385
Xiaomi Redmi 13C 128GB,384
Xiaomi Redmi 13C 128GB,424
Xiaomi Redmi 13C 128GB,435
Xiaomi Redmi 13C 128GB,435
Xiaomi Redmi 13C 128GB,428
Xiaomi Redmi 13C 128GB,430
Xiaomi Redmi 13C 128GB,456
Xiaomi Redmi A3 64GB,143
Xiaomi Redmi A3 64GB,149
Xiaomi Redmi A3 64GB,148
Xiaomi Redmi A3 64GB,120
Xiaomi Redmi A3 64GB,130
Xiaomi Redmi A3 64GB,125
Xiaomi Redmi A3 64GB,124
Xiaomi Redmi A3 64GB,139
Xiaomi Redmi A3 64GB,123
Xiaomi Redmi A3 64GB,127
Xiaomi Redmi A3 64GB,137
Xiaomi Redmi A3 64GB,129
Xiaomi Redmi A3 64GB,151
Xiaomi Redmi A3 64GB,158
Sony PlayStation 5 Pro (PS5) 2TB,3
Sony PlayStation 5 Pro (PS5) 2TB,3
Sony PlayStation 5 Pro (PS5) 2TB,3
Sony PlayStation 5 Pro (PS5) 2TB,3
Sony PlayStation 5 Pro (PS5) 2TB,3
Sony PlayStation 5 Pro (PS5) 2TB,3
Sony PlayStation 5 Pro (PS5) 2TB,3
Sony PlayStation 5 Pro (PS5) 2TB,3
Sony PlayStation 5 Pro (PS5) 2TB,3
Sony PlayStation 5 Pro (PS5) 2TB,3
Sony PlayStation 5 Pro (PS5) 2TB,3
Sony PlayStation 5 Pro (PS5) 2TB,3
Sony PlayStation 5 Pro (PS5) 2TB,3
Sony PlayStation 5 Pro (PS5) 2TB,2
Sony PlayStation 5 Slim 1TB (PS5),1
Sony PlayStation 5 Slim 1TB (PS5),1
Sony PlayStation 5 Slim 1TB (PS5),1
Sony PlayStation 5 Slim 1TB (PS5),1
Sony PlayStation 5 Slim 1TB (PS5),1
Sony PlayStation 5 Slim 1TB (PS5),1
Sony PlayStation 5 Slim 1TB (PS5),1
Sony PlayStation 5 Slim 1TB (PS5),1
Sony PlayStation 5 Slim 1TB (PS5),1
Sony PlayStation 5 Slim 1TB (PS5),1
Sony PlayStation 5 Slim 1TB (PS5),1
Sony PlayStation 5 Slim 1TB (PS5),1
Sony PlayStation 5 Slim 1TB (PS5),1
Sony PlayStation 5 Slim 1TB (PS5),1
Sony PlayStation DualSense - Beyaz (PS5) (Orijinal),3
Sony PlayStation DualSense - Beyaz (PS5) (Orijinal),3
Sony PlayStation DualSense - Beyaz (PS5) (Orijinal),3
Sony PlayStation DualSense - Beyaz (PS5) (Orijinal),3
Sony PlayStation DualSense - Beyaz (PS5) (Orijinal),3
Sony PlayStation DualSense - Beyaz (PS5) (Orijinal),3
Sony PlayStation DualSense - Beyaz (PS5) (Orijinal),3
Sony PlayStation DualSense - Beyaz (PS5) (Orijinal),3
Sony PlayStation DualSense - Beyaz (PS5) (Orijinal),4
Sony PlayStation DualSense - Beyaz (PS5) (Orijinal),5
Sony PlayStation DualSense - Beyaz (PS5) (Orijinal),4
Sony PlayStation DualSense - Beyaz (PS5) (Orijinal),4
Sony PlayStation DualSense - Beyaz (PS5) (Orijinal),4
Sony PlayStation DualSense - Beyaz (PS5) (Orijinal),4
Sony PlayStation Portal Remote Player,1
Sony PlayStation Portal Remote Player,1
Sony PlayStation Portal Remote Player,1
Sony PlayStation Portal Remote Player,1
Sony PlayStation Portal Remote Player,1
Sony PlayStation Portal Remote Player,1
Sony PlayStation Portal Remote Player,1
Sony PlayStation Portal Remote Player,1
Sony PlayStation Portal Remote Player,1
Sony PlayStation Portal Remote Player,1
Sony PlayStation Portal Remote Player,1
Sony PlayStation Portal Remote Player,1
Sony PlayStation Portal Remote Player,2
Sony PlayStation Portal Remote Player,3
Sony PlayStation VR2,3
Sony PlayStation VR2,3
Sony PlayStation VR2,3
Sony PlayStation VR2,3
Sony PlayStation VR2,4
Sony PlayStation VR2,3
Sony PlayStation VR2,2
Sony PlayStation VR2,3
Sony PlayStation VR2,3
Sony PlayStation VR2,4
Sony PlayStation VR2,3
Sony PlayStation VR2,3
Sony PlayStation VR2,3
Sony PlayStation VR2,3
Sony PlayStation VR2,3
Vivo X200 Pro 256GB,102
Vivo X200 Pro 256GB,103
Vivo X200 Pro 256GB,100
Vivo X200 Pro 256GB,97
Vivo X200 Pro 256GB,104
Vivo X200 Pro 256GB,106
Vivo X200 Pro 256GB,109
Vivo X200 Pro 256GB,110
Vivo X200 Pro 256GB,125
Vivo X200 Pro 256GB,136
Vivo X200 Pro 256GB,130
Vivo X200 Pro 256GB,131
Vivo X200 Pro 256GB,131
Vivo X200 Pro 256GB,131
Vivo X200 512GB,325
Vivo X200 512GB,326
Vivo X200 512GB,322
Vivo X200 512GB,364
Vivo X200 512GB,342
Vivo X200 512GB,388
Vivo X200 512GB,350
Vivo X200 512GB,349
Vivo X200 512GB,334
Vivo X200 512GB,320
Vivo X200 512GB,300
Vivo X200 512GB,284
Vivo X200 512GB,281
Vivo X200 512GB,279
Vivo X200 Pro mini 512GB,266
Vivo X200 Pro mini 512GB,265
Vivo X200 Pro mini 512GB,263
Vivo X200 Pro mini 512GB,275
Vivo X200 Pro mini 512GB,262
Vivo X200 Pro mini 512GB,263
Vivo X200 Pro mini 512GB,263
Vivo X200 Pro mini 512GB,262
Vivo X200 Pro mini 512GB,257
Vivo X200 Pro mini 512GB,266
Vivo X200 Pro mini 512GB,263
Vivo X200 Pro mini 512GB,262
Vivo X200 Pro mini 512GB,266
Vivo X200 Pro mini 512GB,274
"Apple MacBook Air, 13-inch, M4 chip, 10-core CPU, 8-core GPU, 16GB Unified Memory, 256GB SSD Storage, Midnight",1
"Apple MacBook Air, 13-inch, M4 chip, 10-core CPU, 8-core GPU, 16GB Unified Memory, 256GB SSD Storage, Midnight",1
"Apple MacBook Air, 13-inch, M4 chip, 10-core CPU, 8-core GPU, 16GB Unified Memory, 256GB SSD Storage, Midnight",1
"Apple MacBook Air, 13-inch, M4 chip, 10-core CPU, 8-core GPU, 16GB Unified Memory, 256GB SSD Storage, Midnight",1
"Apple MacBook Air, 13-inch, M4 chip, 10-core CPU, 8-core GPU, 16GB Unified Memory, 256GB SSD Storage, Midnight",1
"Apple MacBook Air, 13-inch, M4 chip, 10-core CPU, 8-core GPU, 16GB Unified Memory, 256GB SSD Storage, Midnight",1
"Apple MacBook Air, 13-inch, M4 chip, 10-core CPU, 8-core GPU, 16GB Unified Memory, 256GB SSD Storage, Midnight",1
"Apple MacBook Air, 13-inch, M4 chip, 10-core CPU, 8-core GPU, 16GB Unified Memory, 256GB SSD Storage, Midnight",1
"Apple MacBook Air, 13-inch, M4 chip, 10-core CPU, 8-core GPU, 16GB Unified Memory, 256GB SSD Storage, Midnight",1
"Apple MacBook Air, 13-inch, M4 chip, 10-core CPU, 8-core GPU, 16GB Unified Memory, 256GB SSD Storage, Midnight",1
"Apple MacBook Air, 13-inch, M4 chip, 10-core CPU, 8-core GPU, 16GB Unified Memory, 256GB SSD Storage, Midnight",1
"Apple MacBook Air, 13-inch, M4 chip, 10-core CPU, 8-core GPU, 16GB Unified Memory, 256GB SSD Storage, Midnight",1
"Apple MacBook Air, 13-inch, M4 chip, 10-core CPU, 8-core GPU, 16GB Unified Memory, 256GB SSD Storage, Midnight",1
"Apple MacBook Air, 13-inch, M4 chip, 10-core CPU, 8-core GPU, 16GB Unified Memory, 256GB SSD Storage, Midnight",1
"Apple MacBook Air, 15-inch, M4 chip, 10-core CPU, 10-core GPU, 16GB Unified Memory, 256GB SSD Storage",4
"Apple MacBook Air, 15-inch, M4 chip, 10-core CPU, 10-core GPU, 16GB Unified Memory, 256GB SSD Storage",4
"Apple MacBook Air, 15-inch, M4 chip, 10-core CPU, 10-core GPU, 16GB Unified Memory, 256GB SSD Storage",4
"Apple MacBook Air, 15-inch, M4 chip, 10-core CPU, 10-core GPU, 16GB Unified Memory, 256GB SSD Storage",4
"Apple MacBook Air, 15-inch, M4 chip, 10-core CPU, 10-core GPU, 16GB Unified Memory, 256GB SSD Storage",4
"Apple MacBook Air, 15-inch, M4 chip, 10-core CPU, 10-core GPU, 16GB Unified Memory, 256GB SSD Storage",4
"Apple MacBook Air, 15-inch, M4 chip, 10-core CPU, 10-core GPU, 16GB Unified Memory, 256GB SSD Storage",3
"Apple MacBook Air, 15-inch, M4 chip, 10-core CPU, 10-core GPU, 16GB Unified Memory, 256GB SSD Storage",4
"Apple MacBook Air, 15-inch, M4 chip, 10-core CPU, 10-core GPU, 16GB Unified Memory, 256GB SSD Storage",3
"Apple MacBook Air, 15-inch, M4 chip, 10-core CPU, 10-core GPU, 16GB Unified Memory, 256GB SSD Storage",3
"Apple MacBook Air, 15-inch, M4 chip, 10-core CPU, 10-core GPU, 16GB Unified Memory, 256GB SSD Storage",3
"Apple MacBook Air, 15-inch, M4 chip, 10-core CPU, 10-core GPU, 16GB Unified Memory, 256GB SSD Storage",3
"Apple MacBook Air, 15-inch, M4 chip, 10-core CPU, 10-core GPU, 16GB Unified Memory, 256GB SSD Storage",3
"Apple MacBook Air, 15-inch, M4 chip, 10-core CPU, 10-core GPU, 16GB Unified Memory, 256GB SSD Storage",3
HP 14s-dq0034na,8
HP 14s-dq0034na,9
HP 14s-dq0034na,9
HP 14s-dq0034na,7
HP 14s-dq0034na,7
HP 14s-dq0034na,7
HP 14s-dq0034na,7
HP 14s-dq0034na,7
HP 14s-dq0034na,8
HP 14s-dq0034na,7
HP 14s-dq0034na,7
HP 14s-dq0034na,7
HP 14s-dq0034na,7
HP 14s-dq0034na,7
MSI Katana 17 B13VEK-015UK,108
MSI Katana 17 B13VEK-015UK,108
MSI Katana 17 B13VEK-015UK,107
MSI Katana 17 B13VEK-015UK,90
MSI Katana 17 B13VEK-015UK,82
MSI Katana 17 B13VEK-015UK,90
MSI Katana 17 B13VEK-015UK,89
MSI Katana 17 B13VEK-015UK,90
MSI Katana 17 B13VEK-015UK,74
MSI Katana 17 B13VEK-015UK,80
MSI Katana 17 B13VEK-015UK,71
MSI Katana 17 B13VEK-015UK,58
MSI Katana 17 B13VEK-015UK,49
MSI Katana 17 B13VEK-015UK,34
ASUS Zenbook S 16 UM5606WA-RJ091W,48
ASUS Zenbook S 16 UM5606WA-RJ091W,48
ASUS Zenbook S 16 UM5606WA-RJ091W,49
ASUS Zenbook S 16 UM5606WA-RJ091W,42
ASUS Zenbook S 16 UM5606WA-RJ091W,34
ASUS Zenbook S 16 UM5606WA-RJ091W,35
ASUS Zenbook S 16 UM5606WA-RJ091W,36
ASUS Zenbook S 16 UM5606WA-RJ091W,36
ASUS Zenbook S 16 UM5606WA-RJ091W,38
ASUS Zenbook S 16 UM5606WA-RJ091W,34
ASUS Zenbook S 16 UM5606WA-RJ091W,27
ASUS Zenbook S 16 UM5606WA-RJ091W,27
ASUS Zenbook S 16 UM5606WA-RJ091W,28
ASUS Zenbook S 16 UM5606WA-RJ091W,28
Samsung Galaxy Book5 Pro 360 NP960QHA-KG2UK,491
Samsung Galaxy Book5 Pro 360 NP960QHA-KG2UK,555
Samsung Galaxy Book5 Pro 360 NP960QHA-KG2UK,674
Samsung Galaxy Book5 Pro 360 NP960QHA-KG2UK,681
Samsung Galaxy Book5 Pro 360 NP960QHA-KG2UK,547
Samsung Galaxy Book5 Pro 360 NP960QHA-KG2UK,468
Samsung Galaxy Book5 Pro 360 NP960QHA-KG2UK,363
Samsung Galaxy Book5 Pro 360 NP960QHA-KG2UK,366
Samsung Galaxy Book5 Pro 360 NP960QHA-KG2UK,388
Samsung Galaxy Book5 Pro 360 NP960QHA-KG2UK,193
Samsung Galaxy Book5 Pro 360 NP960QHA-KG2UK,126
Samsung Galaxy Book5 Pro 360 NP960QHA-KG2UK,72
Samsung Galaxy Book5 Pro 360 NP960QHA-KG2UK,63
Samsung Galaxy Book5 Pro 360 NP960QHA-KG2UK,51
MSI Thin 15 15.6 144Hz HD CoreASUS ROG Strix G16 G614JV-N3075W,49
MSI Thin 15 15.6 144Hz HD CoreASUS ROG Strix G16 G614JV-N3075W,47
MSI Thin 15 15.6 144Hz HD CoreASUS ROG Strix G16 G614JV-N3075W,46
MSI Thin 15 15.6 144Hz HD CoreASUS ROG Strix G16 G614JV-N3075W,47
MSI Thin 15 15.6 144Hz HD CoreASUS ROG Strix G16 G614JV-N3075W,56
MSI Thin 15 15.6 144Hz HD CoreASUS ROG Strix G16 G614JV-N3075W,46
MSI Thin 15 15.6 144Hz HD CoreASUS ROG Strix G16 G614JV-N3075W,49
MSI Thin 15 15.6 144Hz HD CoreASUS ROG Strix G16 G614JV-N3075W,41
MSI Thin 15 15.6 144Hz HD CoreASUS ROG Strix G16 G614JV-N3075W,41
MSI Thin 15 15.6 144Hz HD CoreASUS ROG Strix G16 G614JV-N3075W,41
MSI Thin 15 15.6 144Hz HD CoreASUS ROG Strix G16 G614JV-N3075W,41
MSI Thin 15 15.6 144Hz HD CoreASUS ROG Strix G16 G614JV-N3075W,41
MSI Thin 15 15.6 144Hz HD CoreASUS ROG Strix G16 G614JV-N3075W,40
MSI Thin 15 15.6 144Hz HD CoreASUS ROG Strix G16 G614JV-N3075W,40
Lenovo Legion 5 16IRX9 83DG00DSUK,56
Lenovo Legion 5 16IRX9 83DG00DSUK,56
Lenovo Legion 5 16IRX9 83DG00DSUK,48
Lenovo Legion 5 16IRX9 83DG00DSUK,46
Lenovo Legion 5 16IRX9 83DG00DSUK,33
Lenovo Legion 5 16IRX9 83DG00DSUK,34
Lenovo Legion 5 16IRX9 83DG00DSUK,34
Lenovo Legion 5 16IRX9 83DG00DSUK,34
Lenovo Legion 5 16IRX9 83DG00DSUK,32
Lenovo Legion 5 16IRX9 83DG00DSUK,33
Lenovo Legion 5 16IRX9 83DG00DSUK,31
Lenovo Legion 5 16IRX9 83DG00DSUK,31
Lenovo Legion 5 16IRX9 83DG00DSUK,31
Lenovo Legion 5 16IRX9 83DG00DSUK,32
ASUS TUF Gaming A15 FA507NVR-LP012W,41
ASUS TUF Gaming A15 FA507NVR-LP012W,41
ASUS TUF Gaming A15 FA507NVR-LP012W,41
ASUS TUF Gaming A15 FA507NVR-LP012W,35
ASUS TUF Gaming A15 FA507NVR-LP012W,36
ASUS TUF Gaming A15 FA507NVR-LP012W,38
ASUS TUF Gaming A15 FA507NVR-LP012W,38
ASUS TUF Gaming A15 FA507NVR-LP012W,38
ASUS TUF Gaming A15 FA507NVR-LP012W,35
ASUS TUF Gaming A15 FA507NVR-LP012W,35
ASUS TUF Gaming A15 FA507NVR-LP012W,34
ASUS TUF Gaming A15 FA507NVR-LP012W,35
ASUS TUF Gaming A15 FA507NVR-LP012W,41
ASUS TUF Gaming A15 FA507NVR-LP012W,39
